Workbook
Name _Hlk114062637: Checklist!$C$69

Sheet prep_table
A1: R0 | B1: library_id | C1: library_name | D1: requestor | E1: pool | F1: plate_well | G1: qPCR date | H1: PCR cycles | I1: index_well | J1: kit_i7 | K1: name_i7 | L1: sequence_i7 | M1: kit_i5 | N1: name_i5 | O1: sequence_i5 | P1: lib_conc_ng_ul | Q1: pooling
A2: 1
A3: 2
A4: 3
A5: 4
A6: 5
A7: 6
A8: 7
A9: 8
A10: 9
A11: 10
A12: 11
A13: 12
... A97: 96

Sheet Checklist
C1: ATAC checklist
A2: Library prep number:
A3: SOP Version:
A4: NEBNext HF 2x ready MM LOT: | L4: Indexplate: | N4: SetA, B, C or D
A5: Library person: | K5: Signature:
A6: Library date:
A7: Comments:
A8: Number of samples: | F8: =MOD(E8,12)=0 -> TRUE | G8: =ROUNDDOWN((E8/12),0) -> 0 | H8: =E8-G8*12 -> 0
B9: Perform qPCR
B10: =IF($F$8=TRUE,CONCATENATE("Pipet ",FIXED($E$8*SUM(F13:F16)/12*1.1)," µL of MM into each well of row 2 of MM plate"),CONCATENATE("Pipet ",(($G$8+1)*SUM((F13:F16))*1.1)," µL of MM into first ",$H$8," wells and ",(($G$8)*(SUM(F13:F16))*1.1)," µL into the other wells of MM plate row 2")) -> Pipet 0.00 µL of MM into each well of row 2 of MM plate
F11: Volume per reaction | G11: =CONCATENATE(" Volume for ",$E$8, " samples") -> Volume for samples
B12: Mix: | C12: gDNA Sample | F12: 1 | G12: - | I12: µL
C13: Index Primer ( i7+i5) | F13: 1 | G13: =F13*1.1*$E$8 -> 0 | I13: µL
C14: H2O | F14: 2.9 | G14: =F14*1.1*$E$8 -> 0 | I14: µL
C15: NEBNext HF 2x ready MM | F15: 5 | G15: =F15*1.1*$E$8 -> 0 | I15: µL
C16: 100x SYBR green | F16: 0.1 | G16: =F16*1.1*$E$8 -> 0 | I16: µL
C17: Total Volume | F17: =SUM(F12:F16) -> 10 | G17: - | I17: µL | J17: mix, spin
B18: Run the following programm: | G18: 72˚/5 min
G19: 98˚/30s
G20: 98˚/10s | I20: 25 cycles
G21: 69˚/30s
G22: 72˚/1min
B23: Library preparation
B24: =IF($F$8=TRUE,CONCATENATE("Pipet ",FIXED($E$8*SUM(F27:F29)/12*1.1)," µL of MM into each well of row 2 of MM plate"),CONCATENATE("Pipet ",(($G$8+1)*SUM((F27:F29))*1.1)," µL of MM into first ",$H$8," wells and ",(($G$8)*(SUM(F27:F29))*1.1)," µL into the other wells of MM plate row 2")) -> Pipet 0.00 µL of MM into each well of row 2 of MM plate
F25: Volume per reaction | G25: =CONCATENATE(" Volume for ",$E$8, " samples") -> Volume for samples
B26: Mix: | C26: gDNA Sample | F26: 1 | G26: - | I26: µL
C27: Index Primer ( i7+i5) | F27: 1 | G27: =F27*1.1*$E$8 -> 0 | I27: µL
C28: H2O | F28: 2.9 | G28: =F28*1.1*$E$8 -> 0 | I28: µL
C29: NEBNext HF 2x ready MM | F29: 5 | G29: =F29*1.1*$E$8 -> 0 | I29: µL
C30: Total Volume | F30: =SUM(F26:F29) -> 9.9 | G30: - | I30: µL | J30: mix, spin
B31: Indicate which Twist UDI Primers you used: | J31: Plate:
C32: 1 | D32: 2 | E32: 3 | F32: 4 | G32: 5 | H32: 6 | I32: 7 | J32: 8 | K32: 9 | L32: 10 | M32: 11 | N32: 12
B33: A
B34: B
B35: C
B36: D
B37: E
B38: F
B39: G
B40: H
B41: Run the following programm: | G41: 72˚/5 min
G42: 98˚/30s
G43: 98˚/10s | I43: =IF(K41>0,CONCATENATE(K41," cycles"),"___cycles") -> ___cycles
G44: 69˚/30s
G45: 72˚/1min
G46: 72˚/1min
G47: 4˚/hold
B48: CLEAN-UP with DNA Purification Beads
B49: Do a 1.6X Cleanup by adding 80µL beads, elute in 50µL
B50: Do a double sided cleanup by adding 25µL beads, transfer 75µL and add 45µL beads, elute in 15µL
B51: QC (Qubit, BA)
B52: Pooling overview in µL
C53: 1 | D53: 2 | E53: 3 | F53: 4 | G53: 5 | H53: 6 | I53: 7 | J53: 8 | K53: 9 | L53: 10 | M53: 11 | N53: 12
B54: A | C54: =IF(ISNUMBER($E$8),prep_table!$P$2,prep_table!$P$2) -> 0 | D54: =IF(ISNUMBER($E$8),prep_table!$P$3,prep_table!$P$10) -> 0 | E54: =IF(ISNUMBER($E$8),prep_table!$P$4,prep_table!$P$18) -> 0 | F54: =IF(ISNUMBER($E$8),prep_table!$P$5,prep_table!$P$26) -> 0 | G54: =IF(ISNUMBER($E$8),prep_table!$P$6,prep_table!$P$34) -> 0 | H54: =IF(ISNUMBER($E$8),prep_table!$P$7,prep_table!$P$42) -> 0 | I54: =IF(ISNUMBER($E$8),prep_table!$P$8,prep_table!$P$50) -> 0 | J54: =IF(ISNUMBER($E$8),prep_table!$P$9,prep_table!$P$58) -> 0 | K54: =IF(ISNUMBER($E$8),prep_table!$P$9,prep_table!$P$66) -> 0 | L54: =IF(ISNUMBER($E$8),prep_table!$P$11,prep_table!$P$74) -> 0 | M54: =IF(ISNUMBER($E$8),prep_table!$P$12,prep_table!$P$82) -> 0 | N54: =IF(ISNUMBER($E$8),prep_table!$P$13,prep_table!$P$90) -> 0
B55: B | C55: =IF(ISNUMBER($E$8),prep_table!$P$14,prep_table!$P$3) -> 0 | D55: =IF(ISNUMBER($E$8),prep_table!$P$15,prep_table!$P$11) -> 0 | E55: =IF(ISNUMBER($E$8),prep_table!$P$16,prep_table!$P$19) -> 0 | F55: =IF(ISNUMBER($E$8),prep_table!$P$17,prep_table!$P$27) -> 0 | G55: =IF(ISNUMBER($E$8),prep_table!$P$18,prep_table!$P$35) -> 0 | H55: =IF(ISNUMBER($E$8),prep_table!$P$19,prep_table!$P$43) -> 0 | I55: =IF(ISNUMBER($E$8),prep_table!$P$20,prep_table!$P$51) -> 0 | J55: =IF(ISNUMBER($E$8),prep_table!$P$21,prep_table!$P$59) -> 0 | K55: =IF(ISNUMBER($E$8),prep_table!$P$22,prep_table!$P$67) -> 0 | L55: =IF(ISNUMBER($E$8),prep_table!$P$23,prep_table!$P$75) -> 0 | M55: =IF(ISNUMBER($E$8),prep_table!$P$24,prep_table!$P$83) -> 0 | N55: =IF(ISNUMBER($E$8),prep_table!$P$25,prep_table!$P$91) -> 0
B56: C | C56: =IF(ISNUMBER($E$8),prep_table!$P$26,prep_table!$P$4) -> 0 | D56: =IF(ISNUMBER($E$8),prep_table!$P$27,prep_table!$P$12) -> 0 | E56: =IF(ISNUMBER($E$8),prep_table!$P$28,prep_table!$P$20) -> 0 | F56: =IF(ISNUMBER($E$8),prep_table!$P$29,prep_table!$P$28) -> 0 | G56: =IF(ISNUMBER($E$8),prep_table!$P$30,prep_table!$P$36) -> 0 | H56: =IF(ISNUMBER($E$8),prep_table!$P$31,prep_table!$P$44) -> 0 | I56: =IF(ISNUMBER($E$8),prep_table!$P$32,prep_table!$P$52) -> 0 | J56: =IF(ISNUMBER($E$8),prep_table!$P$33,prep_table!$P$60) -> 0 | K56: =IF(ISNUMBER($E$8),prep_table!$P$34,prep_table!$P$68) -> 0 | L56: =IF(ISNUMBER($E$8),prep_table!$P$35,prep_table!$P$76) -> 0 | M56: =IF(ISNUMBER($E$8),prep_table!$P$36,prep_table!$P$84) -> 0 | N56: =IF(ISNUMBER($E$8),prep_table!$P$37,prep_table!$P$92) -> 0
B57: D | C57: =IF(ISNUMBER($E$8),prep_table!$P$38,prep_table!$P$5) -> 0 | D57: =IF(ISNUMBER($E$8),prep_table!$P$39,prep_table!$P$13) -> 0 | E57: =IF(ISNUMBER($E$8),prep_table!$P$40,prep_table!$P$21) -> 0 | F57: =IF(ISNUMBER($E$8),prep_table!$P$41,prep_table!$P$29) -> 0 | G57: =IF(ISNUMBER($E$8),prep_table!$P$42,prep_table!$P$37) -> 0 | H57: =IF(ISNUMBER($E$8),prep_table!$P$43,prep_table!$P$45) -> 0 | I57: =IF(ISNUMBER($E$8),prep_table!$P$43,prep_table!$P$53) -> 0 | J57: =IF(ISNUMBER($E$8),prep_table!$P$44,prep_table!$P$61) -> 0 | K57: =IF(ISNUMBER($E$8),prep_table!$P$45,prep_table!$P$69) -> 0 | L57: =IF(ISNUMBER($E$8),prep_table!$P$46,prep_table!$P$77) -> 0 | M57: =IF(ISNUMBER($E$8),prep_table!$P$47,prep_table!$P$85) -> 0 | N57: =IF(ISNUMBER($E$8),prep_table!$P$48,prep_table!$P$93) -> 0
B58: E | C58: =IF(ISNUMBER($E$8),prep_table!$P$50,prep_table!$P$6) -> 0 | D58: =IF(ISNUMBER($E$8),prep_table!$P$50,prep_table!$P$14) -> 0 | E58: =IF(ISNUMBER($E$8),prep_table!$P$51,prep_table!$P$22) -> 0 | F58: =IF(ISNUMBER($E$8),prep_table!$P$52,prep_table!$P$30) -> 0 | G58: =IF(ISNUMBER($E$8),prep_table!$P$53,prep_table!$P$38) -> 0 | H58: =IF(ISNUMBER($E$8),prep_table!$P$54,prep_table!$P$46) -> 0 | I58: =IF(ISNUMBER($E$8),prep_table!$P$55,prep_table!$P$54) -> 0 | J58: =IF(ISNUMBER($E$8),prep_table!$P$56,prep_table!$P$62) -> 0 | K58: =IF(ISNUMBER($E$8),prep_table!$P$57,prep_table!$P$70) -> 0 | L58: =IF(ISNUMBER($E$8),prep_table!$P$58,prep_table!$P$78) -> 0 | M58: =IF(ISNUMBER($E$8),prep_table!$P$59,prep_table!$P$86) -> 0 | N58: =IF(ISNUMBER($E$8),prep_table!$P$60,prep_table!$P$94) -> 0
B59: F | C59: =IF(ISNUMBER($E$8),prep_table!$P$62,prep_table!$P$7) -> 0 | D59: =IF(ISNUMBER($E$8),prep_table!$P$62,prep_table!$P$15) -> 0 | E59: =IF(ISNUMBER($E$8),prep_table!$P$63,prep_table!$P$23) -> 0 | F59: =IF(ISNUMBER($E$8),prep_table!$P$64,prep_table!$P$31) -> 0 | G59: =IF(ISNUMBER($E$8),prep_table!$P$65,prep_table!$P$39) -> 0 | H59: =IF(ISNUMBER($E$8),prep_table!$P$66,prep_table!$P$47) -> 0 | I59: =IF(ISNUMBER($E$8),prep_table!$P$67,prep_table!$P$55) -> 0 | J59: =IF(ISNUMBER($E$8),prep_table!$P$68,prep_table!$P$63) -> 0 | K59: =IF(ISNUMBER($E$8),prep_table!$P$69,prep_table!$P$71) -> 0 | L59: =IF(ISNUMBER($E$8),prep_table!$P$70,prep_table!$P$79) -> 0 | M59: =IF(ISNUMBER($E$8),prep_table!$P$71,prep_table!$P$87) -> 0 | N59: =IF(ISNUMBER($E$8),prep_table!$P$71,prep_table!$P$95) -> 0
B60: G | C60: =IF(ISNUMBER($E$8),prep_table!$P$74,prep_table!$P$8) -> 0 | D60: =IF(ISNUMBER($E$8),prep_table!$P$74,prep_table!$P$16) -> 0 | E60: =IF(ISNUMBER($E$8),prep_table!$P$75,prep_table!$P$24) -> 0 | F60: =IF(ISNUMBER($E$8),prep_table!$P$78,prep_table!$P$32) -> 0 | G60: =IF(ISNUMBER($E$8),prep_table!$P$79,prep_table!$P$40) -> 0 | H60: =IF(ISNUMBER($E$8),prep_table!$P$80,prep_table!$P$48) -> 0 | I60: =IF(ISNUMBER($E$8),prep_table!$P$81,prep_table!$P$56) -> 0 | J60: =IF(ISNUMBER($E$8),prep_table!$P$82,prep_table!$P$64) -> 0 | K60: =IF(ISNUMBER($E$8),prep_table!$P$83,prep_table!$P$72) -> 0 | L60: =IF(ISNUMBER($E$8),prep_table!$P$84,prep_table!$P$80) -> 0 | M60: =IF(ISNUMBER($E$8),prep_table!$P$85,prep_table!$P$88) -> 0 | N60: =IF(ISNUMBER($E$8),prep_table!$P$86,prep_table!$P$96) -> 0
B61: H | C61: =IF(ISNUMBER($E$8),prep_table!$P$86,prep_table!$P$9) -> 0 | D61: =IF(ISNUMBER($E$8),prep_table!$P$87,prep_table!$P$17) -> 0 | E61: =IF(ISNUMBER($E$8),prep_table!$P$88,prep_table!$P$25) -> 0 | F61: =IF(ISNUMBER($E$8),prep_table!$P$89,prep_table!$P$33) -> 0 | G61: =IF(ISNUMBER($E$8),prep_table!$P$90,prep_table!$P$41) -> 0 | H61: =IF(ISNUMBER($E$8),prep_table!$P$91,prep_table!$P$49) -> 0 | I61: =IF(ISNUMBER($E$8),prep_table!$P$92,prep_table!$P$57) -> 0 | J61: =IF(ISNUMBER($E$8),prep_table!$P$93,prep_table!$P$65) -> 0 | K61: =IF(ISNUMBER($E$8),prep_table!$P$94,prep_table!$P$73) -> 0 | L61: =IF(ISNUMBER($E$8),prep_table!$P$95,prep_table!$P$81) -> 0 | M61: =IF(ISNUMBER($E$8),prep_table!$P$96,prep_table!$P$89) -> 0 | N61: =IF(ISNUMBER($E$8),prep_table!$P$97,prep_table!$P$97) -> 0
B62: Pool concentration:
B63: Put the Kitnumbers into the working sheet and followingly into the sample annotation sheet.
C64: Library kit | K64: Kitnumber
C65: NEBNext HF 2x ready MM
C69: Identification number: | G69: based on SOP 2023/01/18
C70: Unit: | G70: BOCK
C71: Organization: | G71: CeMM
C72: Title: | G72: Checklist ATAC
C73: Author: | G73: Hannah Riegler
C74: Reviewer: | G74: Hannah Riegler
C75: Review date: | G75: 20260108
C76: Version: | G76: 20260108

Sheet Indexes
A1: Number | B1: plate | C1: well | D1: Barcode Sequence i7 | E1: Library Adapter i7 | F1: Barcode Sequence i5 | G1: Library Adapter i5
A2: 1 | B2: A | C2: A01 | D2: TAAGGCGA | E2: N701 | F2: TAGATCGC | G2: S501
A3: 2 | B3: A | C3: A02 | D3: CGTACTAG | E3: N702 | F3: TAGATCGC | G3: S501
A4: 3 | B4: A | C4: A03 | D4: AGGCAGAA | E4: N703 | F4: TAGATCGC | G4: S501
A5: 4 | B5: A | C5: A04 | D5: TCCTGAGC | E5: N704 | F5: TAGATCGC | G5: S501
A6: 5 | B6: A | C6: A05 | D6: GGACTCCT | E6: N705 | F6: TAGATCGC | G6: S501
A7: 6 | B7: A | C7: A06 | D7: TAGGCATG | E7: N706 | F7: TAGATCGC | G7: S501
A8: 7 | B8: A | C8: A07 | D8: CTCTCTAC | E8: N707 | F8: TAGATCGC | G8: S501
A9: 8 | B9: A | C9: A08 | D9: CAGAGAGG | E9: N708 | F9: TAGATCGC | G9: S501
A10: 9 | B10: A | C10: A09 | D10: GCTACGCT | E10: N709 | F10: TAGATCGC | G10: S501
A11: 10 | B11: A | C11: A10 | D11: CGAGGCTG | E11: N710 | F11: TAGATCGC | G11: S501
A12: 11 | B12: A | C12: A11 | D12: AAGAGGCA | E12: N711 | F12: TAGATCGC | G12: S501
A13: 12 | B13: A | C13: A12 | D13: GTAGAGGA | E13: N712 | F13: TAGATCGC | G13: S501
... A385: 384 | B385: D | C385: H12 | D385: CGATCAGT | E385: N724 | F385: AAGGCTAT | G385: S516
