Workbook
Name _Hlk114062637: '3'' GEMX'!$C$120
Name _Hlk114062637: '3''_OCM_4plex'!$C$114
Name _Hlk114062637: '5''_GEMX'!$C$216
Name _Hlk114062637: '5''_OCM_4plex'!$C$208
Name _Hlk114062637: Flex_GEMX_v2!$C$199

Sheet prep_table
A1: sample_num | B1: plate_well | C1: library_name | D1: library_id | E1: requestor | F1: pool | G1: library_kits | H1: library_prep_type | I1: comment | J1: cDNA_conc_ng_ul | K1: cDNA_input_ul | L1: cDNA_input_ng | M1: index_pcr_cycles | N1: index_well | O1: kit_i7 | P1: kit_i5 | Q1: sequence_i7 | R1: name_i7 | S1: sequence_i5 | T1: name_i5 | U1: lib_conc_ng_ul | V1: ba | W1: pooling_factor | X1: ul_pooling
A2: 1 | L2: =J2*K2 -> 0 | W2: =+MAX($U$2:$U$97)/U2 -> #DIV/0! | X2: =+W2*1 -> #DIV/0!
A3: 2 | L3: =J3*K3 -> 0 | W3: =+MAX($U$2:$U$97)/U3 -> #DIV/0! | X3: =+W3*1 -> #DIV/0!
A4: 3 | L4: =J4*K4 -> 0 | W4: =+MAX($U$2:$U$97)/U4 -> #DIV/0! | X4: =+W4*1 -> #DIV/0!
A5: 4 | L5: =J5*K5 -> 0 | W5: =+MAX($U$2:$U$97)/U5 -> #DIV/0! | X5: =+W5*1 -> #DIV/0!
A6: 5 | L6: =J6*K6 -> 0 | W6: =+MAX($U$2:$U$97)/U6 -> #DIV/0! | X6: =+W6*1 -> #DIV/0!
A7: 6 | L7: =J7*K7 -> 0 | W7: =+MAX($U$2:$U$97)/U7 -> #DIV/0! | X7: =+W7*1 -> #DIV/0!
A8: 7 | L8: =J8*K8 -> 0 | W8: =+MAX($U$2:$U$97)/U8 -> #DIV/0! | X8: =+W8*1 -> #DIV/0!
A9: 8 | L9: =J9*K9 -> 0 | W9: =+MAX($U$2:$U$97)/U9 -> #DIV/0! | X9: =+W9*1 -> #DIV/0!
A10: 9 | L10: =J10*K10 -> 0 | W10: =+MAX($U$2:$U$97)/U10 -> #DIV/0! | X10: =+W10*1 -> #DIV/0!
A11: 10 | L11: =J11*K11 -> 0 | W11: =+MAX($U$2:$U$97)/U11 -> #DIV/0! | X11: =+W11*1 -> #DIV/0!
A12: 11 | L12: =J12*K12 -> 0 | W12: =+MAX($U$2:$U$97)/U12 -> #DIV/0! | X12: =+W12*1 -> #DIV/0!
A13: 12 | L13: =J13*K13 -> 0 | W13: =+MAX($U$2:$U$97)/U13 -> #DIV/0! | X13: =+W13*1 -> #DIV/0!
... A97: 96 | L97: =J97*K97 -> 0 | W97: =+MAX($U$2:$U$97)/U97 -> #DIV/0! | X97: =+W97*1 -> #DIV/0!

Sheet 10X_table
A1: sample_num | B1: sample_name | C1: library_name | D1: library_id | E1: requestor | F1: library_prep_type | G1: cellcount_permL | H1: cellcount_peruL | I1: volume_ul | J1: Targeted_cell_loaded_default_16500 | K1: ul_sample | L1: ul_water | M1: Chip_problems
A2: 1 | C2: =prep_table!C2 -> 0 | D2: =prep_table!D2 -> 0 | E2: =prep_table!E2 -> 0 | H2: =G2*10^3 -> 0 | M2: =Equal_Pooling_RevB!H15
A3: 2 | C3: =prep_table!C3 -> 0 | D3: =prep_table!D3 -> 0 | E3: =prep_table!E3 -> 0 | H3: =G3*10^3 -> 0 | M3: =Equal_Pooling_RevB!H16
A4: 3 | C4: =prep_table!C4 -> 0 | D4: =prep_table!D4 -> 0 | E4: =prep_table!E4 -> 0 | H4: =G4*10^3 -> 0 | M4: =Equal_Pooling_RevB!H17
A5: 4 | C5: =prep_table!C5 -> 0 | D5: =prep_table!D5 -> 0 | E5: =prep_table!E5 -> 0 | H5: =G5*10^3 -> 0 | M5: =Equal_Pooling_RevB!H18
A6: 5 | C6: =prep_table!C6 -> 0 | D6: =prep_table!D6 -> 0 | E6: =prep_table!E6 -> 0 | H6: =G6*10^3 -> 0 | M6: =Equal_Pooling_RevB!H19
A7: 6 | C7: =prep_table!C7 -> 0 | D7: =prep_table!D7 -> 0 | E7: =prep_table!E7 -> 0 | H7: =G7*10^3 -> 0 | M7: =Equal_Pooling_RevB!H20
A8: 7 | C8: =prep_table!C8 -> 0 | D8: =prep_table!D8 -> 0 | E8: =prep_table!E8 -> 0 | H8: =G8*10^3 -> 0 | M8: =Equal_Pooling_RevB!H21
A9: 8 | C9: =prep_table!C9 -> 0 | D9: =prep_table!D9 -> 0 | E9: =prep_table!E9 -> 0 | H9: =G9*10^3 -> 0 | M9: =Equal_Pooling_RevB!H22
A10: 9 | C10: =prep_table!C10 -> 0 | D10: =prep_table!D10 -> 0 | E10: =prep_table!E10 -> 0 | H10: =G10*10^3 -> 0 | M10: =Equal_Pooling_RevB!H23
A11: 10 | C11: =prep_table!C11 -> 0 | D11: =prep_table!D11 -> 0 | E11: =prep_table!E11 -> 0 | H11: =G11*10^3 -> 0 | M11: =Equal_Pooling_RevB!H24
A12: 11 | C12: =prep_table!C12 -> 0 | D12: =prep_table!D12 -> 0 | E12: =prep_table!E12 -> 0 | H12: =G12*10^3 -> 0 | M12: =Equal_Pooling_RevB!H25
A13: 12 | C13: =prep_table!C13 -> 0 | D13: =prep_table!D13 -> 0 | E13: =prep_table!E13 -> 0 | H13: =G13*10^3 -> 0 | M13: =Equal_Pooling_RevB!H26
... A17: 16 | C17: =prep_table!C17 -> 0 | D17: =prep_table!D17 -> 0 | E17: =prep_table!E17 -> 0 | H17: =G17*10^3 -> 0 | M17: =Equal_Pooling_RevB!H30

Sheet FLEX_table
A1: sample_num | B1: sample_name | C1: cellcount_permL | D1: cellcount_peruL | E1: targeted_cellinput | F1: vol_used_for_hybridization | G1: Probe Barcode Well | H1: cellcount_after_hyb | I1: sample_volume_pooling | J1: Chip_problems
A2: 1 | D2: =C2/10^3 -> 0 | F2: =E2/D2 -> #DIV/0! | I2: =Equal_Pooling_RevB!H15 | J2: =Equal_Pooling_RevB!I15
A3: 2 | D3: =C3/10^3 -> 0 | F3: =E3/D3 -> #DIV/0! | I3: =Equal_Pooling_RevB!H16 | J3: =Equal_Pooling_RevB!I16
A4: 3 | D4: =C4/10^3 -> 0 | F4: =E4/D4 -> #DIV/0! | I4: =Equal_Pooling_RevB!H17 | J4: =Equal_Pooling_RevB!I17
A5: 4 | D5: =C5/10^3 -> 0 | F5: =E5/D5 -> #DIV/0! | I5: =Equal_Pooling_RevB!H18 | J5: =Equal_Pooling_RevB!I18
A6: 5 | D6: =C6/10^3 -> 0 | F6: =E6/D6 -> #DIV/0! | I6: =Equal_Pooling_RevB!H19 | J6: =Equal_Pooling_RevB!I19
A7: 6 | D7: =C7/10^3 -> 0 | F7: =E7/D7 -> #DIV/0! | I7: =Equal_Pooling_RevB!H20 | J7: =Equal_Pooling_RevB!I20
A8: 7 | D8: =C8/10^3 -> 0 | F8: =E8/D8 -> #DIV/0! | I8: =Equal_Pooling_RevB!H21 | J8: =Equal_Pooling_RevB!I21
A9: 8 | D9: =C9/10^3 -> 0 | F9: =E9/D9 -> #DIV/0! | I9: =Equal_Pooling_RevB!H22 | J9: =Equal_Pooling_RevB!I22
A10: 9 | D10: =C10/10^3 -> 0 | F10: =E10/D10 -> #DIV/0! | I10: =Equal_Pooling_RevB!H23 | J10: =Equal_Pooling_RevB!I23
A11: 10 | D11: =C11/10^3 -> 0 | F11: =E11/D11 -> #DIV/0! | I11: =Equal_Pooling_RevB!H24 | J11: =Equal_Pooling_RevB!I24
A12: 11 | D12: =C12/10^3 -> 0 | F12: =E12/D12 -> #DIV/0! | I12: =Equal_Pooling_RevB!H25 | J12: =Equal_Pooling_RevB!I25
A13: 12 | D13: =C13/10^3 -> 0 | F13: =E13/D13 -> #DIV/0! | I13: =Equal_Pooling_RevB!H26 | J13: =Equal_Pooling_RevB!I26
... A17: 16 | D17: =C17/10^3 -> 0 | F17: =E17/D17 -> #DIV/0! | I17: =Equal_Pooling_RevB!H30 | J17: =Equal_Pooling_RevB!I30

Sheet 3' GEMX
C1: Checklist 10X Chromium GEM-X Single Cell 3' Reagent Kits v4 Library Preparation
A2: Library prep number:
A3: SOP Version: | K3: Indexplate A: | L3: TT Set A
A4: Single Cell 3’ GEM Kit v4 LOT#: | J4: Signature:
A5: Single Cell 3’ Gel Bead Kitv4 LOT#:
A6: Chip GEMX 3' Kit LOT# | I6: TT Set A Kit LOT#
A7: Library Construction Kit C LOT#:
A8: Library person:
A9: Library date:
A10: Comments:
A11: Number of samples:
B12: GEM Generation & Barcoding
B13: Equilibrate Gel Bead, RT Reagent E, TSO B, Reducing Agent B to RT for 30 min
B14: Prepare the following MM and pipet 28.4 µL in each tube on ice
E15: Volume per reaction | F15: =CONCATENATE(" Volume for ",$E$11," samples") -> Volume for samples
B16: Mix: | D16: RT Reagent E | E16: 16.3 | F16: =E16*$E$11*1.1 -> 0 | G16: µL
D17: Template Switch Oligo B | E17: 3.1 | F17: =E17*$E$11*1.1 -> 0 | G17: µL
D18: Reducing Agent B | E18: 2 | F18: =E18*$E$11*1.1 -> 0 | G18: µL
D19: RT Enzyme E | E19: 7 | F19: =E19*$E$11*1.1 -> 0 | G19: µL
E20: =SUM(E16:E19) -> 28.4 | F20: =SUM(F16:F19) -> 0 | G20: µL | H20: mix, spin
B21: Assemble the GEM-X 3' Chip and pipet glycerol in the unused wells: 60 µL into ROW 1, 60 µL into ROW 2, 250 µL into ROW 3
B22: Vortex beads for 30 sec, centrifuge for 5 sec
B23: Add 1x PBS into the MM for each sample and mix
D24: Sample name | E24: cell count/mL | F24: V 1X PBS [µL] | G24: V Sample [µL] | J24: normally we target 29000 cells for 3' GEM-X
C25: 1
C26: 2
C27: 3
C28: 4
C29: 5
C30: 6
C31: 7
C32: 8
B33: Pipet 60 µl of the Master Mix + Cell suspension into the chip in row 1
B34: Reverse pipet 60 µl of beads into row 2 and wait for 30s.
B35: Pipet 250 µl of partitioning oil in row 3
B36: Close lid and put it into chromium
B37: Transfer gems slowly into tubes with cap put it into thermocycler and Incubate: | I37: 48°C/45 min | K37: lid = 48°C, volume 125 µL
I38: 85°C/5 min -> hold 4°C
B39: Post GEM-RT Cleanup & cDNA Amplification
B40: Add 125 µL of Recovery Agent to each sample, wait for 2 min | H40: DO NOT MIX!
B41: Remove the recovery agent/oil (pink) | H41: DO NOT ASPIRATE aqueous sample
B42: Add 200 µL of Dynabeads cleanup mix to each sample, incubate 10 min and mix after 5 min | G42: Dynabeads Mix: | J42: Volume per reaction | K42: =CONCATENATE(" Volume for ",$E$11," samples") -> Volume for samples
G43: Cleanup buffer | J43: 182 | K43: =J43*$E$11*1.1 -> 0 | L43: µL
C44: Thaw the Cleanup buffer at 65°C for 10 min, cool to RT | G44: Dynabeads | J44: 8 | K44: =J44*$E$11*1.1 -> 0 | L44: µL
G45: Reducing Agent B | J45: 5 | K45: =J45*$E$11*1.1 -> 0 | L45: µL
G46: Nuclease free water | J46: 5 | K46: =J46*$E$11*1.1 -> 0 | L46: µL
J47: =SUM(J43:J46) -> 200 | K47: =SUM(K43:K46) -> 0 | L47: µL | M47: mix, spin
B48: Prepare ES 1: | E48: Volume per reaction | F48: =CONCATENATE(" Volume for ",$E$11," samples") -> Volume for samples
C49: Buffer EB | E49: 98 | F49: =IF($E$11<2, E49,E49*0.5*$E$11) -> 98 | G49: µL
C50: 10% Tween 20 | E50: 1 | F50: =IF($E$11<2, E50,E50*0.5*$E$11) -> 1 | G50: µL
C51: Reducing Agent B | E51: 1 | F51: =IF($E$11<2, E51,E51*0.5*$E$11) -> 1 | G51: µL
E52: =SUM(E49:E51) -> 100 | F52: =SUM(F49:F51) -> 100 | G52: µL | H52: mix, spin
B53: Put the solution onto the magnet and do the cleanup following protocol (elute in 35.5 µL ES1, recover 35 µL)
B54: Add 65 µL cDNA Amplification reaction mix to 35 µL sample. | H54: Amp Mix: | J54: Volume per reaction | K54: =CONCATENATE(" Volume for ",$E$11," samples") -> Volume for samples
G55: Amp Mix | J55: 50 | K55: =J55*$E$11*1.1 -> 0 | L55: µL
G56: cDNA Primers | J56: 15 | K56: =J56*$E$11*1.1 -> 0 | L56: µL
J57: =SUM(J55:J56) -> 65 | K57: =SUM(K55:K56) -> 0 | L57: µL | M57: mix, spin
B58: Incubate: | D58: 98°C/ 3 min
D59: 98°C/ 15 sec | E59: 11 cycles
D60: 63°C/ 20 sec
D61: 72°C/ 1 min | G61: Cycles: | H61: 11
D62: 72°C/ 1 min
D63: 4°C/ hold
B64: Do the 0.6X cleanup by adding 60 µL beads; elute in 40.5 µL; recover 40 µl. Do QC.
B65: 3' GEX library construction
B66: Transfer 10 µL of cDNA into a new strip and store the rest
B67: Add 25 µL EB to the sample and 15 µl of the following FM
E68: Volume per reaction | F68: =CONCATENATE(" Volume for ",$E$11," samples") -> Volume for samples
B69: Mix: | D69: Fragmentation Buffer | E69: 5 | F69: =E69*$E$11*1.1 -> 0 | G69: µL
D70: Fragmentation Enzyme | E70: 10 | F70: =E70*$E$11*1.1 -> 0 | G70: µL
E71: =SUM(E69:E70) -> 15 | F71: =SUM(F69:F70) -> 0 | G71: µL | H71: mix, spin
B72: Incubate: | D72: 4°C/hold
D73: 32°C/5 min
D74: 65°C/30 min
D75: 4°C hold
B76: Do the 0.6-0.8X double sided cleanup by adding 30 µL beads; transfer 75µl; add 10µL beads; elute in 50.5 µL; recover 50 µl | K76: double sided cleanup
B78: Mix 50 µL of the sample and 50 µl of the following ALM
E79: Volume per reaction | F79: =CONCATENATE(" Volume for ",$E$11," samples") -> Volume for samples
B80: ALM: | D80: Ligation Mix | E80: 40 | F80: =E80*$E$11*1.1 -> 0 | G80: µL
D81: DNA Ligase | E81: 10 | F81: =E81*$E$11*1.1 -> 0 | G81: µL
E82: =SUM(E80:E81) -> 50 | F82: =SUM(F80:F81) -> 0 | G82: µL | H82: mix, spin
B83: Incubate: | D83: 20°C/15 min
D84: 4°C/hold
B85: Do the 0.8X cleanup by adding 80 µL beads; elute in 30.5 µL; recover 30 µl
B86: Add 50 µl of AMP Mix to 30 µL sample.
B87: =CONCATENATE("Add 20 µL of indexes of the plate ", L3) -> Add 20 µL of indexes of the plate TT Set A
B88: Indicate which Indexes you used: | G88: Plate:
C89: 1 | D89: 2 | E89: 3 | F89: 4 | G89: 5 | H89: 6 | I89: 7 | J89: 8 | K89: 9 | L89: 10 | M89: 11 | N89: 12
B90: A | C90: =IF(ISNUMBER(#REF!),#REF!, " ") | D90: =IF(ISNUMBER(#REF!),#REF!, " ") | E90: =IF(ISNUMBER(#REF!),#REF!, " ") | F90: =IF(ISNUMBER(#REF!),#REF!, " ") | G90: =IF(ISNUMBER(#REF!),#REF!, " ") | H90: =IF(ISNUMBER(#REF!),#REF!, " ") | I90: =IF(ISNUMBER(#REF!),#REF!, " ") | J90: =IF(ISNUMBER(#REF!),#REF!, " ") | ... N90: =IF(ISNUMBER(#REF!),#REF!, " ")
B91: B | E91: =IF(ISNUMBER(#REF!),#REF!, " ") | F91: =IF(ISNUMBER(#REF!),#REF!, " ") | G91: =IF(ISNUMBER(#REF!),#REF!, " ") | H91: =IF(ISNUMBER(#REF!),#REF!, " ") | I91: =IF(ISNUMBER(#REF!),#REF!, " ") | J91: =IF(ISNUMBER(#REF!),#REF!, " ") | K91: =IF(ISNUMBER(#REF!),#REF!, " ") | L91: =IF(ISNUMBER(#REF!),#REF!, " ") | ... N91: =IF(ISNUMBER(#REF!),#REF!, " ")
B92: C | C92: =IF(ISNUMBER(#REF!),#REF!, " ") | D92: =IF(ISNUMBER(#REF!),#REF!, " ") | E92: =IF(ISNUMBER(#REF!),#REF!, " ") | F92: =IF(ISNUMBER(#REF!),#REF!, " ") | G92: =IF(ISNUMBER(#REF!),#REF!, " ") | H92: =IF(ISNUMBER(#REF!),#REF!, " ") | I92: =IF(ISNUMBER(#REF!),#REF!, " ") | J92: =IF(ISNUMBER(#REF!),#REF!, " ") | ... N92: =IF(ISNUMBER(#REF!),#REF!, " ")
B93: D | C93: =IF(ISNUMBER(#REF!),#REF!, " ") | D93: =IF(ISNUMBER(#REF!),#REF!, " ") | E93: =IF(ISNUMBER(#REF!),#REF!, " ") | F93: =IF(ISNUMBER(#REF!),#REF!, " ") | G93: =IF(ISNUMBER(#REF!),#REF!, " ") | H93: =IF(ISNUMBER(#REF!),#REF!, " ") | I93: =IF(ISNUMBER(#REF!),#REF!, " ") | J93: =IF(ISNUMBER(#REF!),#REF!, " ") | ... N93: =IF(ISNUMBER(#REF!),#REF!, " ")
B94: E | C94: =IF(ISNUMBER(#REF!),#REF!, " ") | D94: =IF(ISNUMBER(#REF!),#REF!, " ") | E94: =IF(ISNUMBER(#REF!),#REF!, " ") | F94: =IF(ISNUMBER(#REF!),#REF!, " ") | G94: =IF(ISNUMBER(#REF!),#REF!, " ") | H94: =IF(ISNUMBER(#REF!),#REF!, " ") | I94: =IF(ISNUMBER(#REF!),#REF!, " ") | J94: =IF(ISNUMBER(#REF!),#REF!, " ") | ... N94: =IF(ISNUMBER(#REF!),#REF!, " ")
B95: F | C95: =IF(ISNUMBER(#REF!),#REF!, " ") | D95: =IF(ISNUMBER(#REF!),#REF!, " ") | E95: =IF(ISNUMBER(#REF!),#REF!, " ") | F95: =IF(ISNUMBER(#REF!),#REF!, " ") | G95: =IF(ISNUMBER(#REF!),#REF!, " ") | H95: =IF(ISNUMBER(#REF!),#REF!, " ") | I95: =IF(ISNUMBER(#REF!),#REF!, " ") | J95: =IF(ISNUMBER(#REF!),#REF!, " ") | ... N95: =IF(ISNUMBER(#REF!),#REF!, " ")
B96: G | C96: =IF(ISNUMBER(#REF!),#REF!, " ") | D96: =IF(ISNUMBER(#REF!),#REF!, " ") | E96: =IF(ISNUMBER(#REF!),#REF!, " ") | F96: =IF(ISNUMBER(#REF!),#REF!, " ") | G96: =IF(ISNUMBER(#REF!),#REF!, " ") | H96: =IF(ISNUMBER(#REF!),#REF!, " ") | I96: =IF(ISNUMBER(#REF!),#REF!, " ") | J96: =IF(ISNUMBER(#REF!),#REF!, " ") | ... N96: =IF(ISNUMBER(#REF!),#REF!, " ")
B97: H | C97: =IF(ISNUMBER(#REF!),#REF!, " ") | D97: =IF(ISNUMBER(#REF!),#REF!, " ") | E97: =IF(ISNUMBER(#REF!),#REF!, " ") | F97: =IF(ISNUMBER(#REF!),#REF!, " ") | G97: =IF(ISNUMBER(#REF!),#REF!, " ") | H97: =IF(ISNUMBER(#REF!),#REF!, " ") | I97: =IF(ISNUMBER(#REF!),#REF!, " ") | J97: =IF(ISNUMBER(#REF!),#REF!, " ") | ... N97: =IF(ISNUMBER(#REF!),#REF!, " ")
B98: Incubate: | D98: 98°C/45 sec | G98: Cycles:
D99: 98°C/20 sec | E99: =IF($H$98>0,CONCATENATE($H$98," cycles"),"___cycles") -> ___cycles
D100: 54°C/ 30 sec
D101: 72°C/ 20 sec
...

Sheet 3'_OCM_4plex
C1: Checklist 10X 3’ Gene Expression v4 4-plex (OCM)
A2: Library prep number:
A3: SOP Version: | K3: Indexplate A: | L3: TT Set A
A4: GEM kit LOT#: | J4: Signature:
A5: Gel Bead kit LOT#:
A6: OCM 3' Chip Kit LOT#
A7: Library prep kit C LOT#:
A8: Library person:
A9: Library date:
A10: Comments:
A11: Number of samples:
B12: GEM Generation & Barcoding
B13: Equilibrate beads to RT for 30 min
B14: Prepare the following MM and pipet 7.4 µL in each tube on ice
E15: Volume per 4-plex +10% | F15: =CONCATENATE(" Volume for ",$E$11," samples") -> Volume for samples
B16: Mix: | D16: RT Reagent E | E16: 17.18 | F16: =E16*$E$11*1.1 -> 0 | G16: µL
D17: Template Switch Oligo B | E17: 3.18 | F17: =E17*$E$11*1.1 -> 0 | G17: µL
D18: Reducing Agent B | E18: 2 | F18: =E18*$E$11*1.1 -> 0 | G18: µL
D19: RT Enzyme E | E19: 7.18 | F19: =E19*$E$11*1.1 -> 0 | G19: µL
E20: =SUM(E16:E19) -> 29.54 | F20: =SUM(F16:F19) -> 0 | G20: µL | H20: mix, spin
B21: Assemble the Cip and pipet glycerol in the unused wells: 15 µL into ROW 1, 18 µL into ROW 2, 70 µL into ROW 3
B22: Add 1x PBS into the MM for each sample and mix
D23: Sample name | E23: cell count/mL | F23: V H2O [µL] | G23: V Sample [µL] | J23: normally we target cell number 16500
C24: 1 | D24: ='10X_table'!C2 -> 0
C25: 2 | D25: ='10X_table'!C3 -> 0
C26: 3 | D26: ='10X_table'!C4 -> 0
C27: 4 | D27: ='10X_table'!C5 -> 0
C28: 5 | D28: ='10X_table'!C6 -> 0
C29: 6 | D29: ='10X_table'!C7 -> 0
C30: 7 | D30: ='10X_table'!C8 -> 0
C31: 8 | D31: ='10X_table'!C9 -> 0
B32: Using a multichannel pipet 15 µl of the Master Mix + Cell suspension into the chip in row 1
B33: Vortex beads for 30 sec, centrifuge, with a multichannel pipet 18 µl into row 2 and wait for 30s.
B34: Using a mltichannel pipet 70 µl of partitioning oil B in row 3
B35: Close lid and put it into chromium
B36: Transfer gems into tubes with cap put it into thermocycler and Incubate: | I36: 48°C/45 min | K36: lid = 48°C, volume 125 µL
I37: 85°C/5 min -> hold 4°C
B38: Post GEM-RT Cleanup & cDNA Amplification
B39: Add 125 µL of Recovery Agent to each sample, wait for 2 min | H39: DO NOT MIX!
B40: Remove the recovery agent/oil (pink) | H40: DO NOT ASPIRTE aqueous sample
B41: Add 200 µL of Dynabeads cleanup mix to each sample, incubate 10 min and mix after 5 min | G41: Dynabeads Mix: | J41: Volume per reaction | K41: =CONCATENATE(" Volume for ",$E$11," samples") -> Volume for samples
G42: Cleanup buffer | J42: 182 | K42: =J42*$E$11*1.1 -> 0 | L42: µL
C43: Thaw the Cleanup buffer at 65°C for 10 min, cool to RT | G43: Dynabeads | J43: 8 | K43: =J43*$E$11*1.1 -> 0 | L43: µL
G44: Reducing Agent B | J44: 5 | K44: =J44*$E$11*1.1 -> 0 | L44: µL
G45: Nuclease free water | J45: 5 | K45: =J45*$E$11*1.1 -> 0 | L45: µL
J46: =SUM(J42:J45) -> 200 | K46: =SUM(K42:K45) -> 0 | L46: µL | M46: mix, spin
B47: Prepare ES 1: | E47: Volume per reaction | F47: =CONCATENATE(" Volume for ",$E$11," samples") -> Volume for samples
C48: Buffer EB | E48: 98 | F48: =IF($E$11<2, E48,E48*0.5*$E$11) -> 98 | G48: µL
C49: 10% Tween 20 | E49: 1 | F49: =IF($E$11<2, E49,E49*0.5*$E$11) -> 1 | G49: µL
C50: Reducing Agent B | E50: 1 | F50: =IF($E$11<2, E50,E50*0.5*$E$11) -> 1 | G50: µL
E51: =SUM(E48:E50) -> 100 | F51: =SUM(F48:F50) -> 100 | G51: µL | H51: mix, spin
B52: Put the solution onto the magnet and do the cleanup following protocol (elute in 35.5 µL ES1, recover 35 µL)
B53: Add 65 µL cDNA Amplification reaction mix to 35 µL sample. | H53: Amp Mix: | J53: Volume per reaction | K53: =CONCATENATE(" Volume for ",$E$11," samples") -> Volume for samples
G54: Amp Mix | J54: 50 | K54: =J54*$E$11*1.1 -> 0 | L54: µL
G55: cDNA Primers | J55: 15 | K55: =J55*$E$11*1.1 -> 0 | L55: µL
J56: =SUM(J54:J55) -> 65 | K56: =SUM(K54:K55) -> 0 | L56: µL | M56: mix, spin
B57: Incubate: | D57: 98°C/45 sec
D58: 98°C/20 sec | E58: ___ cycles
D59: 63°C/ 30 sec
D60: 72°C/ 1 min | G60: Cycles:
D61: 72°C/ 1 min
B62: Do the 0.6X cleanup by adding 60 µL beads; elute in 40.5 µL; recover 40 µl
B63: 3' GEX library construction
B64: Transfer 10 µL of cDNA into a new strip and store the rest
B65: Add 25 µL EB to the sample and 15 µl of the following FM
E66: Volume per reaction | F66: =CONCATENATE(" Volume for ",$E$11," samples") -> Volume for samples
B67: Mix: | D67: Fragmentation Buffer | E67: 5 | F67: =E67*$E$11*1.1 -> 0 | G67: µL
D68: Fragmentation Enzyme | E68: 10 | F68: =E68*$E$11*1.1 -> 0 | G68: µL
E69: =SUM(E67:E68) -> 15 | F69: =SUM(F67:F68) -> 0 | G69: µL | H69: mix, spin
B70: Incubate: | D70: 4°C/hold
D71: 32°C/5 min
D72: 65°C/30 min
D73: 4°C hold
B74: Do the 0.6-0.8X double sided cleanup by adding 30 µL beads; transfer 75µl; add 10µL beads; elute in 50.5 µL; recover 50 µl | K74: double sided cleanup
B76: Mix 50 µL of the sample and 50 µl of the following ALM
E77: Volume per reaction | F77: =CONCATENATE(" Volume for ",$E$11," samples") -> Volume for samples
B78: ALM: | D78: Ligation Mix | E78: 40 | F78: =E78*$E$11*1.1 -> 0 | G78: µL
D79: DNA Ligase | E79: 10 | F79: =E79*$E$11*1.1 -> 0 | G79: µL
E80: =SUM(E78:E79) -> 50 | F80: =SUM(F78:F79) -> 0 | G80: µL | H80: mix, spin
B81: Incubate: | D81: 20°C/15 min
D82: 4°C/hold
B83: Do the 0.8X cleanup by adding 80 µL beads; elute in 30.5 µL; recover 30 µl
B84: Add 50 µl of AMP Mix to 30 µL sample.
B85: =CONCATENATE("Add 20 µL of indexes of the plate ", L3) -> Add 20 µL of indexes of the plate TT Set A
B86: Indicate which Indexes you used: | G86: Plate:
C87: 1 | D87: 2 | E87: 3 | F87: 4 | G87: 5 | H87: 6 | I87: 7 | J87: 8 | K87: 9 | L87: 10 | M87: 11 | N87: 12
B88: A | C88: =IF(ISNUMBER(#REF!),#REF!, " ") | D88: =IF(ISNUMBER(#REF!),#REF!, " ") | E88: =IF(ISNUMBER(#REF!),#REF!, " ") | F88: =IF(ISNUMBER(#REF!),#REF!, " ") | G88: =IF(ISNUMBER(#REF!),#REF!, " ") | H88: =IF(ISNUMBER(#REF!),#REF!, " ") | I88: =IF(ISNUMBER(#REF!),#REF!, " ") | J88: =IF(ISNUMBER(#REF!),#REF!, " ") | ... N88: =IF(ISNUMBER(#REF!),#REF!, " ")
B89: B | C89: =IF(ISNUMBER(#REF!),#REF!, " ") | D89: =IF(ISNUMBER(#REF!),#REF!, " ") | E89: =IF(ISNUMBER(#REF!),#REF!, " ") | F89: =IF(ISNUMBER(#REF!),#REF!, " ") | G89: =IF(ISNUMBER(#REF!),#REF!, " ") | H89: =IF(ISNUMBER(#REF!),#REF!, " ") | I89: =IF(ISNUMBER(#REF!),#REF!, " ") | J89: =IF(ISNUMBER(#REF!),#REF!, " ") | ... N89: =IF(ISNUMBER(#REF!),#REF!, " ")
B90: C | C90: =IF(ISNUMBER(#REF!),#REF!, " ") | D90: =IF(ISNUMBER(#REF!),#REF!, " ") | E90: =IF(ISNUMBER(#REF!),#REF!, " ") | F90: =IF(ISNUMBER(#REF!),#REF!, " ") | G90: =IF(ISNUMBER(#REF!),#REF!, " ") | H90: =IF(ISNUMBER(#REF!),#REF!, " ") | I90: =IF(ISNUMBER(#REF!),#REF!, " ") | J90: =IF(ISNUMBER(#REF!),#REF!, " ") | ... N90: =IF(ISNUMBER(#REF!),#REF!, " ")
B91: D | C91: =IF(ISNUMBER(#REF!),#REF!, " ") | D91: =IF(ISNUMBER(#REF!),#REF!, " ") | E91: =IF(ISNUMBER(#REF!),#REF!, " ") | F91: =IF(ISNUMBER(#REF!),#REF!, " ") | G91: =IF(ISNUMBER(#REF!),#REF!, " ") | H91: =IF(ISNUMBER(#REF!),#REF!, " ") | I91: =IF(ISNUMBER(#REF!),#REF!, " ") | J91: =IF(ISNUMBER(#REF!),#REF!, " ") | ... N91: =IF(ISNUMBER(#REF!),#REF!, " ")
B92: E | C92: =IF(ISNUMBER(#REF!),#REF!, " ") | D92: =IF(ISNUMBER(#REF!),#REF!, " ") | E92: =IF(ISNUMBER(#REF!),#REF!, " ") | F92: =IF(ISNUMBER(#REF!),#REF!, " ") | G92: =IF(ISNUMBER(#REF!),#REF!, " ") | H92: =IF(ISNUMBER(#REF!),#REF!, " ") | I92: =IF(ISNUMBER(#REF!),#REF!, " ") | J92: =IF(ISNUMBER(#REF!),#REF!, " ") | ... N92: =IF(ISNUMBER(#REF!),#REF!, " ")
B93: F | C93: =IF(ISNUMBER(#REF!),#REF!, " ") | D93: =IF(ISNUMBER(#REF!),#REF!, " ") | E93: =IF(ISNUMBER(#REF!),#REF!, " ") | F93: =IF(ISNUMBER(#REF!),#REF!, " ") | G93: =IF(ISNUMBER(#REF!),#REF!, " ") | H93: =IF(ISNUMBER(#REF!),#REF!, " ") | I93: =IF(ISNUMBER(#REF!),#REF!, " ") | J93: =IF(ISNUMBER(#REF!),#REF!, " ") | ... N93: =IF(ISNUMBER(#REF!),#REF!, " ")
B94: G | C94: =IF(ISNUMBER(#REF!),#REF!, " ") | D94: =IF(ISNUMBER(#REF!),#REF!, " ") | E94: =IF(ISNUMBER(#REF!),#REF!, " ") | F94: =IF(ISNUMBER(#REF!),#REF!, " ") | G94: =IF(ISNUMBER(#REF!),#REF!, " ") | H94: =IF(ISNUMBER(#REF!),#REF!, " ") | I94: =IF(ISNUMBER(#REF!),#REF!, " ") | J94: =IF(ISNUMBER(#REF!),#REF!, " ") | ... N94: =IF(ISNUMBER(#REF!),#REF!, " ")
B95: H | C95: =IF(ISNUMBER(#REF!),#REF!, " ") | D95: =IF(ISNUMBER(#REF!),#REF!, " ") | E95: =IF(ISNUMBER(#REF!),#REF!, " ") | F95: =IF(ISNUMBER(#REF!),#REF!, " ") | G95: =IF(ISNUMBER(#REF!),#REF!, " ") | H95: =IF(ISNUMBER(#REF!),#REF!, " ") | I95: =IF(ISNUMBER(#REF!),#REF!, " ") | J95: =IF(ISNUMBER(#REF!),#REF!, " ") | ... N95: =IF(ISNUMBER(#REF!),#REF!, " ")
B96: Incubate: | D96: 98°C/45 sec | G96: Cycles:
D97: 98°C/20 sec | E97: =IF($H$96>0,CONCATENATE($H$96," cycles"),"___cycles") -> ___cycles
D98: 54°C/ 30 sec
D99: 72°C/ 20 sec
D100: 72°C/ 1 min
D101: 4°C/hold
...

Sheet Flex_GEMX_v2
C1: Checklist 10X Fixed RNA GEMX v2 plate based with pooled wash workflow
A2: Library prep number: | J2: Indexplate GEX: | K2: TS Set A
A3: SOP Version: | I3: Signature: | L3: Indexplate
A4: GEM-X Flex GEM & Library Kit v2 LOT#: | I4: Organism:
A5: GEM-X Flex Hybridization and Wash kit v2 LOT#: | J5: Barcode Oligo plate:
A6: GEM-X Flex Human/Mouse Transcirptome Probe kit v2 LOT#: | I6: GEM-X Flex Barcode Oligo Plate v2 LOT#:
A7: GEX-X Flex Gel Bead Kit v2 LOT#:
A8: Chip Kit LOT#
A9: Dual Index Kit TS Set A LOT#
A10: Library person: | I10: for low input samples please adjust the checklist to the user guide
A11: Library date:
A12: Comments:
A13: Number of samples: | E13: 4 | F13: 1 | G13: Number of GEM reactions: | J13: 1
B14: Post Storage Processing
B15: Thaw samples at RT not ICE!
B16: Prepare Quenching Buffer B on ice and mix.
D17: Reagent | E17: 1x [µL] | F17: =CONCATENATE(" Volume for ",$E$13," samples +20%") -> Volume for 4 samples +20%
D18: Nuclease free water | E18: =500-62.5 -> 437.5 | F18: =E18*E13*1.2 -> 2100
D19: Conc. Quenching Buffer B | E19: =62.5 -> 62.5 | F19: =E19*E13*1.2 -> 300
B20: Centrifuge sample at 850 rcf for 5 minutes at room temperature.
B21: Remove supernatant and resuspend in 0.5 mL of the prepared solution. Keep on ice. | K21: cool centrifuge to 4°C
B22: Determine cell count (when counting with AO/PI dilute 1:5 first).
D23: Sample ID | E23: Cell concentration [cells/µL] | H23: Sample ID | I23: Cell concentration [cells/µL]
D24: {=[1]FLEX_table!B2:B9} -> 0 | H24: {=[1]FLEX_table!B10:B17} -> 0
D25: 0 | H25: 0
D26: 0 | H26: 0
D27: 0 | H27: 0
D28: 0 | H28: 0
D29: 0 | H29: 0
D30: 0 | H30: 0
D31: 0 | H31: 0
B32: Probe Hybridization
B33: Thaw Hyb Buffer B at 42°C, keep warm (can be kept a 42°C for up to an hour).
B34: Thaw Enhancer 10 min at 65°C, can be held at 42°C for 10 min.
B35: Thaw Probes on ice, vortex and centrifuge.
B36: Thaw Addtitive A at RT vortex and centrifuge, maintain on ice.
B37: Prepare the following Hyb mix at RT and incubate for 5 min at 42°C.
E38: Volume per reaction | F38: =CONCATENATE(" Volume for ",$E$13," samples +10%") -> Volume for 4 samples +10% | J38: Sample Type | L38: Recommended multiplex | N38: Recommended singleplex
D39: Hyb Buffer B | E39: 35 | F39: =E39*$E$13*1.1 -> 154 | G39: µL | J39: Fixed cells | L39: 50 000- 500 000 | N39: 300 000
D40: Enhancer | E40: 5 | F40: =E40*$E$13*1.1 -> 22 | G40: µL | S40: sample NR | T40: volume used for hybiridzation [µL]
D41: Additive A | E41: 2.5 | F41: =E41*$E$13*1.1 -> 11 | G41: µL | S41: {=_xlfn._xlws.FILTER(_xlfn.CHOOSECOLS(FLEX_table[],1,6), FLEX_table[sample_num] <> "")} -> 1 | T41: #DIV/0!
D42: Probes | E42: 7.5 | F42: =E42*$E$13*1.1 -> 33 | G42: µL | S42: 2 | T42: #DIV/0!
E43: =SUM(E39:E42) -> 50 | F43: =E43*$E$13*1.1 -> 220 | G43: µL | H43: mix, spin | S43: 3 | T43: #DIV/0!
B44: Centrifuge the desired number of fixed cells/nuclei at 850 rcf for 5 minutes at 4°C. | J44: PRE-Hybridization Normalization to avoid another count | S44: 4 | T44: #DIV/0!
D45: Sample ID | E45: Cell input | F45: Input volume [µL] | I45: Sample ID | J45: Cell input | L45: Input volume [µL] | S45: 5 | T45: #DIV/0!
D46: {=[1]FLEX_table!B2:B9} -> 0 | E46: {=[1]FLEX_table!E2:E9} -> 0 | F46: {=[1]FLEX_table!F2:F9} -> #DIV/0! | I46: {=[1]FLEX_table!B10:B17} -> 0 | J46: {=[1]FLEX_table!E10:E17} -> 0 | L46: {=[1]FLEX_table!F10:F17} -> #DIV/0! | S46: 6 | T46: #DIV/0!
D47: 0 | E47: 0 | F47: #DIV/0! | I47: 0 | J47: 0 | L47: #DIV/0! | S47: 7 | T47: #DIV/0!
D48: 0 | E48: 0 | F48: #DIV/0! | I48: 0 | J48: 0 | L48: #DIV/0! | S48: 8 | T48: #DIV/0!
D49: 0 | E49: 0 | F49: #DIV/0! | I49: 0 | J49: 0 | L49: #DIV/0! | S49: 9 | T49: #DIV/0!
D50: 0 | E50: 0 | F50: #DIV/0! | I50: 0 | J50: 0 | L50: #DIV/0! | S50: 10 | T50: #DIV/0!
D51: 0 | E51: 0 | F51: #DIV/0! | I51: 0 | J51: 0 | L51: #DIV/0! | S51: 11 | T51: #DIV/0!
D52: 0 | E52: 0 | F52: #DIV/0! | I52: 0 | J52: 0 | L52: #DIV/0! | S52: 12 | T52: #DIV/0!
D53: 0 | E53: 0 | F53: #DIV/0! | I53: 0 | J53: 0 | L53: #DIV/0! | S53: 13 | T53: #DIV/0!
B54: Remove supernatant and resuspend in 50 µl Hyb Mix an transfer to a strip. Keep at RT! | J54: If using custom probes add 2.5 µl of custom probes | S54: 14 | T54: #DIV/0!
B55: Incubate for 16-24 hours at 42°C. Starting time: __________________ | K55: custom probes need to be diluted to the correct working concentration see manual | S55: 15 | T55: #DIV/0!
B56: Barcode Oligo Hybridization | S56: 16 | T56: #DIV/0!
B57: Thaw Barcoding Oligo Plate on ice. Heat Enhancer, thaw con post hyb at RT, thaw Hyb buffer at 42°C
B58: Prepare Post- Hyb wash Buffer B and keept at RT
D59: Reagent | E59: 1 sample [µL] | F59: =CONCATENATE(" Volume for ",$E$13," samples [µL] +10%") -> Volume for 4 samples [µL] +10%
D60: Nuclease free water | E60: 180 | F60: =E60*$E$13*1.1 -> 792
D61: Conc Post Hyb Buffer | E61: 10 | F61: =E61*$E$13*1.1 -> 44
D62: Enhancer | E62: 10 | F62: =E62*$E$13*1.1 -> 44
D63: Total | E63: =+SUM(E60:E62) -> 200 | F63: =SUM(F60:F62) -> 880
B64: Prepare Barcode Oligo Hyb Mix and keept at RT
D65: Reagent | E65: 1 sample [µL] | F65: =CONCATENATE(" Volume for ",$E$13," samples [µL] +10%") -> Volume for 4 samples [µL] +10%
D66: Hyb Buffer B | E66: 35 | F66: =E66*$E$13*1.1 -> 154
D67: Enhancer | E67: 5 | F67: =E67*$E$13*1.1 -> 22
D68: Total | E68: =+SUM(E66:E67) -> 40 | F68: =SUM(F66:F67) -> 176
B69: Remove samples from overnight incubation and keep at RT for 10 min
B70: Add 200µL of Post-Hyb Wash Buffer B to each well
B71: Centrifuge sample at 850 rcf for 10 min at RT and spin with barcode plate
B72: Incubate Barcode Oligo Hyb Mix for at least 5 min
B73: Remove supernatant.
B74: Add 40µL Barcode Oligo Hyb Mix to each sample. Keep at RT!
B75: Retrieve the already thawed Barcoding Oligo plates from ice. Vortex and centrifuge at 850 rcf for 5 min. Without touching the bottom of the plate well, aspirate 10 μl of an individual Barcoding Oligo and add to each sample tube/well. Pipette mix 5x .Record the Barcoding Oligo Plate, Set (A, B, C, or D) and the well ID used:
B77: Incubate for 2h at 42°C.
B78: Post hybridization washing workflow >50,000 cells
B79: Prepare Post- Hyb wash Buffer and keept at RT
D80: Reagent | E80: 1 sample [mL] | F80: =CONCATENATE(" Volume for ",$E$13," samples [mL]") -> Volume for 4 samples [mL]
D81: Nuclease free water | E81: 0.445 | F81: =$E$13*E81*1.1 -> 1.958
D82: Enhancer | E82: 0.025 | F82: =$E$13*E82*1.1 -> 0.11
D83: Conc Post Hyb Buffer | E83: 0.025 | F83: =$E$13*E83*1.1 -> 0.11
D84: Total | E84: =+SUM(E81:E83) -> 0.495 | F84: =SUM(F81:F83) -> 2.178
B85: Remove samples from barcode incubation and keep at RT for 10 min
B86: Add 100µL per sample of Post- Hyb Wash Buffer B into a 15 or 50mL tube. | L86: Preheat a heat block to 37°C
B87: Dilute each sample by adding 150 µL Post- Hyb Wash Buffer and pipette mix 5x and pool samples into a reagent reservoir and then transfer into the tube containing the Post Hyb Wash Buffer B.
B88: Add 200µL of Post-Hyb Bufer B to each well and transfer into the tube.
B89: Invert the tube to mix and centrifuge at 850 rcf for 10 min at RT. | K89: Equilibrate beads and reagents to RT for 30 min
B90: Prepare Post- Hyb wash Buffer and keept at RT. Add reagents in order listed!
D91: Reagent | E91: 1 pool [mL]
D92: Nuclease free water | E92: 2.97
D93: Enhancer | E93: 0.165
D94: Conc Post Hyb Buffer | E94: 0.165
D95: Total | E95: =+SUM(E92:E94) -> 3.3
B96: Remove the supernatant without disturbing the pellet. Resuspend cell pellet in 1 mL Post- Hyb Wash Buffer B and transfer to 1.5 mL microcentrifuge tube.
B97: Incubate at 37°C for 10 minutes in a heat block
B98: Centrifuge at 850 rcf for 5 minutes at room temperature
B99: Remove the supernatant without disturbing the pellet. Resuspend cell pellet in 1 mL Post- Hyb Wash Buffer
B100: Incubate at 37°C for 10 minutes in a heat block
B101: Centrifuge at 850 rcf for 5 minutes at room temperature
...

Sheet 5'_GEMX
C1: Checklist 10X 5’ Cell MULTIPLEXING and AB capture
A2: Library prep number: | K2: Indexplate GEX: | L2: TT Set A
A3: SOP Version: | J3: Signature: | M3: Indexplate | O3: THIS IS DIFFERENT FROM ANTIBODY CAPTURE TOTALSEQ A
A4: GEM Bead Kit LOT#: | K4: TotalseqC | L4: Yes | M4: TN Set A
A5: GEM generation Kit LOT#: | K5: AB capture | L5: Yes | M5: TN Set A
A6: Chip G Kit LOT# | K6: VDJ | L6: Yes | M6: TT Set A
A7: Library prep Kit LOT#:
A8: Dual Index Kit TT Set A LOT#
A9: Library person:
A10: Library date:
A11: Comments:
A12: Number of samples:
B13: GEM Generation & Barcoding
B14: Equilibrate beads and reagents to RT for 30 min
B15: Prepare the following MM and pipet 31.9 µL in each tube on ice
E16: Volume per reaction | F16: =CONCATENATE(" Volume for ",$E$12," samples") -> Volume for samples
B17: Mix: | D17: RT Reagent E | E17: 16.3 | F17: =E17*$E$12*1.1 -> 0 | G17: µL
D18: Poly-dt RT Primer B | E18: 2.2 | F18: =E18*$E$12*1.1 -> 0 | G18: µL
D19: Reducing Agent B | E19: 2 | F19: =E19*$E$12*1.1 -> 0 | G19: µL
D20: RT Enzyme E | E20: 7 | F20: =E20*$E$12*1.1 -> 0 | G20: µL
E21: =SUM(E17:E20) -> 27.5 | F21: =SUM(F17:F20) -> 0 | G21: µL | H21: mix, spin
B22: Assemble the Chip X and pipet glycerol in the unused wells: 60 µL into ROW 1, 60 µL into ROW 2, 125 µL x 2 into ROW 3
B23: Calculate the needed dilutions of the sample with the following formula
C24: Sample name | E24: PBS [µL] | F24: Sample [µL] | I24: normally we targetd cell number 29000
B33: Pipet 60 µl of the Master Mix + Cell suspension into the chip in row 1
B34: Vortex beads for 30 sec, centrifuge, pipet 60 µl into row 2 and wait for 30s.
B35: Pipet 2x 125 µl of partitioning oil in row 3
B36: Close lid and put it into chromium
B37: Transfer gems into tubes with cap put it into thermocycler and Incubate: | J37: 48°C/45 min | L37: lid = 48°C, volume 125 µL
J38: 85°C/5 min -> hold 4°C
B39: Post GEM-RT Cleanup & cDNA Amplification
B40: Add 125 µL of Recovery Agent to each sample, wait for 2 min | J40: DO NOT MIX!
B41: Remove the 125 µL recovery agent/oil (pink) | H41: DO NOT ASPIRTE aqueous sample
B42: Add 200 µL of Dynabeads cleanup mix to each sample, incubate 10 min and mix after 5 min | G42: Dynabeads Mix: | J42: Volume per reaction | K42: =CONCATENATE(" Volume for ",$E$12," samples") -> Volume for samples
G43: Cleanup buffer | J43: 182 | K43: =J43*$E$12*1.1 -> 0 | L43: µL
C44: Thaw the Cleanup buffer at 65°C for 10 min, cool to RT | G44: Dynabeads | J44: 8 | K44: =J44*$E$12*1.1 -> 0 | L44: µL
G45: Reducing Agent B | J45: 5 | K45: =J45*$E$12*1.1 -> 0 | L45: µL
G46: Nuclease free water | J46: 5 | K46: =J46*$E$12*1.1 -> 0 | L46: µL
J47: =SUM(J43:J46) -> 200 | K47: =SUM(K43:K46) -> 0 | L47: µL | M47: mix, spin
B48: Prepare ES 1: | E48: Volume per reaction | F48: =CONCATENATE(" Volume for ",$E$12," samples") -> Volume for samples
C49: Buffer EB | E49: 98 | F49: =IF($E$12<2, E49,E49*0.5*$E$12) -> 98 | G49: µL
C50: 10% Tween 20 | E50: 1 | F50: =IF($E$12<2, E50,E50*0.5*$E$12) -> 1 | G50: µL
C51: Reducing Agent B | E51: 1 | F51: =IF($E$12<2, E51,E51*0.5*$E$12) -> 1 | G51: µL
E52: =SUM(E49:E51) -> 100 | F52: =SUM(F49:F51) -> 100 | G52: µL | H52: mix, spin
B53: Put the solution onto the magnet and do the cleanup following protocol (elute in 35.5 µL ES1, recover 35 µL)
B54: Add 65 µL cDNA Amplification reaction mix to 35 µL sample. | I54: Amp Mix: | K54: Volume per reaction | L54: =CONCATENATE(" Volume for ",$E$12," samples") -> Volume for samples
I55: Amp Mix | K55: 50 | L55: =K55*$E$12*1.1 -> 0 | M55: µL
I56: Feature cDNA Primers 4 | K56: 15 | L56: =K56*$E$12*1.1 -> 0 | M56: µL
K57: =SUM(K55:K56) -> 65 | L57: =SUM(L55:L56) -> 0 | M57: µL | N57: mix, spin
B58: Incubate: | D58: 98°C/45 sec
D59: 98°C/20 sec | E59: ___ cycles
D60: 63°C/ 30 sec
D61: 72°C/ 1 min | G61: Cycles:
D62: 72°C/ 1 min
B63: Special cleanup resulting in two samples: cDNA GEX, hash
B64: Do the cleanup by adding 60µL SPRI select reagent. Transfer 75µl supernatant into a new tube.
B65: GEX | H65: Hash
B66: Wash the bead pellet twice with ethanol | H66: add 70µL beads to the transferred supernatant (75µL)
B67: Elute in 40.5µL EB and incubate for 2 min | H67: Incubate 5 min
B68: recover 40µL | H68: Wash twice with ethanol
B69: proceed with 5'GEX Library construction | H69: Elute in 40.5µL EB and incubate for 2 min
B70: proceed with V(D)J amplification | H70: recover 40µL
H71: proceed with Cell Mutiplexing library construction
B72: V(D)J Amplification from cDNA 1
B73: Mix the following reaction
E74: Volume per reaction | F74: =CONCATENATE(" Volume for ",$E$12," samples") -> Volume for samples
D75: Amp Mix | E75: 50 | F75: =E75*1.1*$E$12 -> 0 | G75: µL
D76: T Cell Mix 1 v2 | E76: 48 | F76: =E76*1.1*$E$12 -> 0 | G76: µL
D77: Total | E77: =+SUM(E75:E76) -> 98 | F77: =SUM(F75:F76) -> 0 | G77: µL
B78: Add 98ul of the reaction to 2ul cDNA sample
B79: Incubate: | D79: 98°C/45 sec | J79: total of cycles
D80: 98°C/20 sec | E80: 12 cycles | I80: T cells | J80: 12
D81: 62°C/ 30 sec | I81: B cells | J81: 8
D82: 72°C/ 1 min
D83: 72°C/ 1 min
B84: Do a double sided cleanup by adding 50 µL beads; transfer 145 ul supernatant, add 30ul beads, elute in 35.5 µL; recover 35 µl
B85: V(D)J Amplification from cDNA 2
B86: Mix the following reaction
E87: Volume per reaction | F87: =CONCATENATE(" Volume for ",$E$12," samples") -> Volume for samples
D88: Amp Mix | E88: 50 | F88: =E88*1.1*$E$12 -> 0 | G88: µL
D89: T Cell Mix 2 v2 | E89: 15 | F89: =E89*1.1*$E$12 -> 0 | G89: µL
D90: Total | E90: =+SUM(E88:E89) -> 65 | F90: =SUM(F88:F89) -> 0 | G90: µL
B91: Add 65ul of the reaction to 35ul sample
B92: Incubate: | D92: 98°C/45 sec | J92: total of cycles
D93: 98°C/20 sec | E93: 10 cycles | I93: T cells | J93: 10
D94: 62°C/ 30 sec | I94: B cells | J94: 8
D95: 72°C/ 1 min
D96: 72°C/ 1 min
B97: Do a double sided cleanup by adding 50 µL beads; transfer 145 ul supernatant, add 30ul beads, elute in 40.5 µL; recover 40 µl
B98: V(D)J library construction
B99: Transfer 10 µL of purified V(D)J amplified product into a new strip and store the rest
B100: Add 25 µL EB to the sample and 15 µl of the following FM
E101: Volume per reaction | F101: =CONCATENATE(" Volume for ",$E$12," samples") -> Volume for samples
B102: Mix: | D102: Fragmentation Buffer | E102: 5 | F102: =E102*$E$12*1.1 -> 0 | G102: µL
D103: Fragmentation Enzyme | E103: 10 | F103: =E103*$E$12*1.1 -> 0 | G103: µL
E104: =SUM(E102:E103) -> 15 | F104: =SUM(F102:F103) -> 0 | G104: µL | H104: mix, spin
B105: Incubate: | D105: 4°C/hold
D106: 32°C/2 min
D107: 65°C/30 min
D108: 4°C hold
...

Sheet 5'_OCM_4plex
C1: Checklist 10X 5’ Gene Expression v4 4-plex (OCM)
A2: Library prep number:
A3: SOP Version: | K3: Indexplate A: | L3: TT Set A
A4: GEM kit LOT#: | J4: Signature:
A5: Gel Bead kit LOT#:
A6: OCM 5' Chip Kit LOT#
A7: Library prep kit C LOT#:
A8: Library person:
A9: Library date:
A10: Comments:
A11: Number of samples:
B12: GEM Generation & Barcoding
B13: Equilibrate beads to RT for 30 min
B14: Prepare the following MM and pipet 7.4 µL in each tube on ice
E15: Volume per 4-plex +10% | F15: =CONCATENATE(" Volume for ",$E$11," samples") -> Volume for samples
B16: Mix: | C16: RT Reagent E | E16: 18.9 | F16: =E16*$E$11*1.1 -> 0 | G16: µL
C17: Poly-dt RT Primer B | E17: 2.6 | F17: =E17*$E$11*1.1 -> 0 | G17: µL
C18: Reducing Agent B | E18: 2.2 | F18: =E18*$E$11*1.1 -> 0 | G18: µL
C19: RT Enzyme E | E19: 7.9 | F19: =E19*$E$11*1.1 -> 0 | G19: µL
E20: =SUM(E16:E19) -> 31.6 | F20: =SUM(F16:F19) -> 0 | G20: µL | H20: mix, spin
B21: Assemble the Cip and pipet glycerol in the unused wells: 15 µL into ROW 1, 18 µL into ROW 2, 70 µL into ROW 3
B22: Add appropriate volume (total 17µL) of 1x PBS into the MM for each sample and mix
D23: Sample name | E23: cell count/mL | F23: V H2O [µL] | G23: V Sample [µL] | J23: normally we target cell number 8250 to load
C24: 1 | D24: ='10X_table'!B2 -> 0
C25: 2 | D25: ='10X_table'!B3 -> 0
C26: 3 | D26: ='10X_table'!B4 -> 0
C27: 4 | D27: ='10X_table'!B5 -> 0
C28: 5 | D28: ='10X_table'!B6 -> 0
C29: 6 | D29: ='10X_table'!B7 -> 0
C30: 7 | D30: ='10X_table'!B8 -> 0
C31: 8 | D31: ='10X_table'!B9 -> 0
B32: Using a multichannel pipet 15 µl of the Master Mix + Cell suspension into the chip in row 1
B33: Vortex beads for 30 sec, centrifuge, with a multichannel pipet 18 µl into row 2 and wait for 30s.
B34: Using a mltichannel pipet 70 µl of partitioning oil B in row 3
B35: Close lid and put it into chromium
B36: Transfer gems into tubes with cap put it into thermocycler and Incubate: | I36: 48°C/45 min | K36: lid = 48°C, volume 125 µL
I37: 85°C/5 min -> hold 4°C
B38: Post GEM-RT Cleanup & cDNA Amplification
B39: Add 125 µL of Recovery Agent to each sample, wait for 2 min | J39: DO NOT MIX!
B40: Remove the recovery agent/oil (pink) | J40: DO NOT ASPIRTE aqueous sample
B41: Add 200 µL of Dynabeads cleanup mix to each sample, incubate 10 min and mix after 5 min | G41: Dynabeads Mix: | J41: Volume per reaction | K41: =CONCATENATE(" Volume for ",$E$11," samples") -> Volume for samples
G42: Cleanup buffer | J42: 182 | K42: =J42*$E$11*1.1 -> 0 | L42: µL
C43: Thaw the Cleanup buffer at 65°C for 10 min, cool to RT | G43: Dynabeads | J43: 8 | K43: =J43*$E$11*1.1 -> 0 | L43: µL
G44: Reducing Agent B | J44: 5 | K44: =J44*$E$11*1.1 -> 0 | L44: µL
G45: Nuclease free water | J45: 5 | K45: =J45*$E$11*1.1 -> 0 | L45: µL
J46: =SUM(J42:J45) -> 200 | K46: =SUM(K42:K45) -> 0 | L46: µL | M46: mix, spin
B47: Prepare ES 1: | E47: Volume per reaction | F47: =CONCATENATE(" Volume for ",$E$11," samples") -> Volume for samples
C48: Buffer EB | E48: 98 | F48: =IF($E$11<2, E48,E48*0.5*$E$11) -> 98 | G48: µL
C49: 10% Tween 20 | E49: 1 | F49: =IF($E$11<2, E49,E49*0.5*$E$11) -> 1 | G49: µL
C50: Reducing Agent B | E50: 1 | F50: =IF($E$11<2, E50,E50*0.5*$E$11) -> 1 | G50: µL
E51: =SUM(E48:E50) -> 100 | F51: =SUM(F48:F50) -> 100 | G51: µL | H51: mix, spin
B52: Put the solution onto the magnet and do the cleanup following protocol (elute in 35.5 µL ES1, recover 35 µL)
B53: Add 65 µL cDNA Amplification reaction mix to 35 µL sample. | H53: Amp Mix: | J53: Volume per reaction | K53: =CONCATENATE(" Volume for ",$E$11," samples") -> Volume for samples
G54: Amp Mix | J54: 50 | K54: =J54*$E$11*1.1 -> 0 | L54: µL
G55: cDNA Primers | J55: 15 | K55: =J55*$E$11*1.1 -> 0 | L55: µL | N55: if ANTIBODY CAPTURE take Feature cDNA Primers 4!
J56: =SUM(J54:J55) -> 65 | K56: =SUM(K54:K55) -> 0 | L56: µL | M56: mix, spin
B57: Incubate: | D57: 98°C/45 sec
D58: 98°C/20 sec | E58: ___ cycles | L58: target recovery | M58: cycles
D59: 63°C/ 30 sec | L59: <500 | M59: 17
D60: 72°C/ 1 min | G60: Cycles: | L60: 501-2,000 | M60: 15
D61: 72°C/ 1 min | L61: 2,001-6,000 | M61: 13
B62: Do the 0.6X cleanup by adding 60 µL beads; elute in 40.5 µL; recover 40 µl | L62: >6,000 | M62: 12
B63: Special cleanup resulting in two samples: cDNA GEX, hash
B64: Do the cleanup by adding 60µL SPRI select reagent. Transfer 75µl supernatant into a new tube.
B65: GEX | H65: Hash/AC
B66: Wash the bead pellet twice with ethanol | H66: add 70µL beads to the transferred supernatant (75µL)
B67: Elute in 40.5µL EB and incubate for 2 min | H67: Incubate 5 min
B68: recover 40µL | H68: Wash twice with ethanol
B69: proceed with 5'GEX Library construction | H69: Elute in 40.5µL EB and incubate for 2 min
B70: proceed with V(D)J amplification | H70: recover 40µL
H71: proceed with Cell Mutiplexing library construction
B72: V(D)J Amplification from cDNA 1
B73: Mix the following reaction
E74: Volume per reaction | F74: =CONCATENATE(" Volume for ",$E$12," samples") -> Volume for samples
D75: Amp Mix | E75: 50 | F75: =E75*1.1*$E$12 -> 0 | G75: µL
D76: T Cell Mix 1 v2 | E76: 48 | F76: =E76*1.1*$E$12 -> 0 | G76: µL
D77: Total | E77: =+SUM(E75:E76) -> 98 | F77: =SUM(F75:F76) -> 0 | G77: µL
B78: Add 98ul of the reaction to 2ul cDNA sample
B79: Incubate: | D79: 98°C/45 sec | J79: total of cycles
D80: 98°C/20 sec | E80: 12 cycles | I80: T cells | J80: 12
D81: 62°C/ 30 sec | I81: B cells | J81: 8
D82: 72°C/ 1 min
D83: 72°C/ 1 min
B84: Do a double sided cleanup by adding 50 µL beads; transfer 145 ul supernatant, add 30ul beads, elute in 35.5 µL; recover 35 µl
B85: V(D)J Amplification from cDNA 2
B86: Mix the following reaction
E87: Volume per reaction | F87: =CONCATENATE(" Volume for ",$E$12," samples") -> Volume for samples
D88: Amp Mix | E88: 50 | F88: =E88*1.1*$E$12 -> 0 | G88: µL
D89: T Cell Mix 2 v2 | E89: 15 | F89: =E89*1.1*$E$12 -> 0 | G89: µL
D90: Total | E90: =+SUM(E88:E89) -> 65 | F90: =SUM(F88:F89) -> 0 | G90: µL
B91: Add 65ul of the reaction to 35ul sample
B92: Incubate: | D92: 98°C/45 sec | J92: total of cycles
D93: 98°C/20 sec | E93: 10 cycles | I93: T cells | J93: 10
D94: 62°C/ 30 sec | I94: B cells | J94: 8
D95: 72°C/ 1 min
D96: 72°C/ 1 min
B97: Do a double sided cleanup by adding 50 µL beads; transfer 145 ul supernatant, add 30ul beads, elute in 40.5 µL; recover 40 µl
B98: V(D)J library construction
B99: Transfer 10 µL of purified V(D)J amplified product into a new strip and store the rest
B100: Add 25 µL EB to the sample and 15 µl of the following FM
...

Sheet Equal_Pooling_RevB
B1: Chromium Fixed RNA Profiling for Multiplexed Samples - Pooling Workbook | 10xgenomics.com CG000565 Rev B
B2: Equal Pooling (Recommended)
B4: Equal pooling refers to pooling the same number of cells from each probe-hybridized sample. It is the recommended method for pooling and ensures that the undetected multiplet rates are the same for each Probe Barcode. Pooling the same number of cells should also result in an approximately equal numbers of cells recovered from every Probe Barcode in the final library. See below for worksheet to calculate the sample volumes to be added during pooling.
B6: Numbers filled In this tab will auto-populate other tabs
B7: This calculator is meant to facilitate pooling an equal number of cells from different hybridization reactions prior to washing.
B9: 1. | C9: Enter Post-Hybridization Cell Concentration and Sample Volume (volume remaining after counting) in columns C and D (blue columns) in Table 1.
B10: 2. | C10: Use the volumes indicated in the column H (green column) to pool the samples from different hybridization reactions into a 5-ml (for 4 pooling samples) or 15-ml (for pooling 16 samples) centrifuge tube. If the differences in 'Total Cells in Hybridization' between samples are smaller than the expected error from cell counting, the entire volume from each sample can be added to the pool. If a warning message appears next to Table 2, consider alternative pooling strategies.
B11: 3. | C11: If hybridization was performed in 8-tube strips, add 2.3 ml Post-Hyb Wash Buffer (if pooling 4 samples) or 9.2 ml Post-Hyb Wash Buffer (if pooling 16 samples). Mix by inverting 5x.
B13: Table 1
B14: Probe Barcode | C14: Post-Hybridization Cell Concentration (Cells in Post-Hyb Wash Buffer) | D14: Post-Hybridization Sample Volume | E14: Total Cells in Hybridization (Post-Hyb Cell Conc. * Volume) | F14: % of Final Pool | G14: Cells per Sample Added to the Pool (Cell Count of Sample with Lowest Concentration) | H14: Sample Volume to be Added (Cells per Sample Added to the Pool/ Post-Hybridization Cell Conc.) | I14: Expected Cells Recovered per Probe Barcode (Assumes Maximum Supported Number of Cells Targeted per GEM Reaction) | J14: Max. Expected Cells recovered per barcode Given Limiting cell number
B15: BC001 | C15: =FLEX_table!$H2 -> 0 | E15: =IF(ISBLANK(Table_2[[#This Row],[Post-Hybridization Sample Volume ]]),"", IF((C15*D15)>0,C15*D15,)) | F15: =IF(ISBLANK(Table_2[[#This Row],[Post-Hybridization Sample Volume ]]),"",1/(COUNT($E$15:$E$30))) | G15: =IF(ISBLANK(Table_2[[#This Row],[Post-Hybridization Sample Volume ]]),"",MIN($E$15:$E$30)) | H15: =IF(ISBLANK(Table_2[[#This Row],[Post-Hybridization Sample Volume ]]),"",G15/C15) | I15: =IF(ISBLANK(Table_2[[#This Row],[Post-Hybridization Sample Volume ]]),"",(IF($B$34>4,F15/MAX($F$15:$F$30)*8000,F15/MAX($F$15:$F$30)*10000))) | J15: =IF(ISBLANK(Table_2[[#This Row],[Post-Hybridization Sample Volume ]]),"", IF(G15>I15*1.65/0.8,I15, ($C$34/SUM($I$15:$I$30)*I15)*0.8/1.65))
B16: BC002 | C16: =FLEX_table!$H3 -> 0 | E16: =IF(ISBLANK(Table_2[[#This Row],[Post-Hybridization Sample Volume ]]),"", IF((C16*D16)>0,C16*D16,)) | F16: =IF(ISBLANK(Table_2[[#This Row],[Post-Hybridization Sample Volume ]]),"",1/(COUNT($E$15:$E$30))) | G16: =IF(ISBLANK(Table_2[[#This Row],[Post-Hybridization Sample Volume ]]),"",MIN($E$15:$E$30)) | H16: =IF(ISBLANK(Table_2[[#This Row],[Post-Hybridization Sample Volume ]]),"",G16/C16) | I16: =IF(ISBLANK(Table_2[[#This Row],[Post-Hybridization Sample Volume ]]),"",(IF($B$34>4,F16/MAX($F$15:$F$30)*8000,F16/MAX($F$15:$F$30)*10000))) | J16: =IF(ISBLANK(Table_2[[#This Row],[Post-Hybridization Sample Volume ]]),"", IF(G16>I16*1.65/0.8,I16, ($C$34/SUM($I$15:$I$30)*I16)*0.8/1.65))
B17: BC003 | C17: =FLEX_table!$H4 -> 0 | E17: =IF(ISBLANK(Table_2[[#This Row],[Post-Hybridization Sample Volume ]]),"", IF((C17*D17)>0,C17*D17,)) | F17: =IF(ISBLANK(Table_2[[#This Row],[Post-Hybridization Sample Volume ]]),"",1/(COUNT($E$15:$E$30))) | G17: =IF(ISBLANK(Table_2[[#This Row],[Post-Hybridization Sample Volume ]]),"",MIN($E$15:$E$30)) | H17: =IF(ISBLANK(Table_2[[#This Row],[Post-Hybridization Sample Volume ]]),"",G17/C17) | I17: =IF(ISBLANK(Table_2[[#This Row],[Post-Hybridization Sample Volume ]]),"",(IF($B$34>4,F17/MAX($F$15:$F$30)*8000,F17/MAX($F$15:$F$30)*10000))) | J17: =IF(ISBLANK(Table_2[[#This Row],[Post-Hybridization Sample Volume ]]),"", IF(G17>I17*1.65/0.8,I17, ($C$34/SUM($I$15:$I$30)*I17)*0.8/1.65))
B18: BC004 | C18: =FLEX_table!$H5 -> 0 | E18: =IF(ISBLANK(Table_2[[#This Row],[Post-Hybridization Sample Volume ]]),"", IF((C18*D18)>0,C18*D18,)) | F18: =IF(ISBLANK(Table_2[[#This Row],[Post-Hybridization Sample Volume ]]),"",1/(COUNT($E$15:$E$30))) | G18: =IF(ISBLANK(Table_2[[#This Row],[Post-Hybridization Sample Volume ]]),"",MIN($E$15:$E$30)) | H18: =IF(ISBLANK(Table_2[[#This Row],[Post-Hybridization Sample Volume ]]),"",G18/C18) | I18: =IF(ISBLANK(Table_2[[#This Row],[Post-Hybridization Sample Volume ]]),"",(IF($B$34>4,F18/MAX($F$15:$F$30)*8000,F18/MAX($F$15:$F$30)*10000))) | J18: =IF(ISBLANK(Table_2[[#This Row],[Post-Hybridization Sample Volume ]]),"", IF(G18>I18*1.65/0.8,I18, ($C$34/SUM($I$15:$I$30)*I18)*0.8/1.65))
B19: BC005 | C19: =FLEX_table!$H6 -> 0 | E19: =IF(ISBLANK(Table_2[[#This Row],[Post-Hybridization Sample Volume ]]),"", IF((C19*D19)>0,C19*D19,)) | F19: =IF(ISBLANK(Table_2[[#This Row],[Post-Hybridization Sample Volume ]]),"",1/(COUNT($E$15:$E$30))) | G19: =IF(ISBLANK(Table_2[[#This Row],[Post-Hybridization Sample Volume ]]),"",MIN($E$15:$E$30)) | H19: =IF(ISBLANK(Table_2[[#This Row],[Post-Hybridization Sample Volume ]]),"",G19/C19) | I19: =IF(ISBLANK(Table_2[[#This Row],[Post-Hybridization Sample Volume ]]),"",(IF($B$34>4,F19/MAX($F$15:$F$30)*8000,F19/MAX($F$15:$F$30)*10000))) | J19: =IF(ISBLANK(Table_2[[#This Row],[Post-Hybridization Sample Volume ]]),"", IF(G19>I19*1.65/0.8,I19, ($C$34/SUM($I$15:$I$30)*I19)*0.8/1.65))
B20: BC006 | C20: =FLEX_table!$H7 -> 0 | E20: =IF(ISBLANK(Table_2[[#This Row],[Post-Hybridization Sample Volume ]]),"", IF((C20*D20)>0,C20*D20,)) | F20: =IF(ISBLANK(Table_2[[#This Row],[Post-Hybridization Sample Volume ]]),"",1/(COUNT($E$15:$E$30))) | G20: =IF(ISBLANK(Table_2[[#This Row],[Post-Hybridization Sample Volume ]]),"",MIN($E$15:$E$30)) | H20: =IF(ISBLANK(Table_2[[#This Row],[Post-Hybridization Sample Volume ]]),"",G20/C20) | I20: =IF(ISBLANK(Table_2[[#This Row],[Post-Hybridization Sample Volume ]]),"",(IF($B$34>4,F20/MAX($F$15:$F$30)*8000,F20/MAX($F$15:$F$30)*10000))) | J20: =IF(ISBLANK(Table_2[[#This Row],[Post-Hybridization Sample Volume ]]),"", IF(G20>I20*1.65/0.8,I20, ($C$34/SUM($I$15:$I$30)*I20)*0.8/1.65))
B21: BC007 | C21: =FLEX_table!$H8 -> 0 | E21: =IF(ISBLANK(Table_2[[#This Row],[Post-Hybridization Sample Volume ]]),"", IF((C21*D21)>0,C21*D21,)) | F21: =IF(ISBLANK(Table_2[[#This Row],[Post-Hybridization Sample Volume ]]),"",1/(COUNT($E$15:$E$30))) | G21: =IF(ISBLANK(Table_2[[#This Row],[Post-Hybridization Sample Volume ]]),"",MIN($E$15:$E$30)) | H21: =IF(ISBLANK(Table_2[[#This Row],[Post-Hybridization Sample Volume ]]),"",G21/C21) | I21: =IF(ISBLANK(Table_2[[#This Row],[Post-Hybridization Sample Volume ]]),"",(IF($B$34>4,F21/MAX($F$15:$F$30)*8000,F21/MAX($F$15:$F$30)*10000))) | J21: =IF(ISBLANK(Table_2[[#This Row],[Post-Hybridization Sample Volume ]]),"", IF(G21>I21*1.65/0.8,I21, ($C$34/SUM($I$15:$I$30)*I21)*0.8/1.65))
B22: BC008 | C22: =FLEX_table!$H9 -> 0 | E22: =IF(ISBLANK(Table_2[[#This Row],[Post-Hybridization Sample Volume ]]),"", IF((C22*D22)>0,C22*D22,)) | F22: =IF(ISBLANK(Table_2[[#This Row],[Post-Hybridization Sample Volume ]]),"",1/(COUNT($E$15:$E$30))) | G22: =IF(ISBLANK(Table_2[[#This Row],[Post-Hybridization Sample Volume ]]),"",MIN($E$15:$E$30)) | H22: =IF(ISBLANK(Table_2[[#This Row],[Post-Hybridization Sample Volume ]]),"",G22/C22) | I22: =IF(ISBLANK(Table_2[[#This Row],[Post-Hybridization Sample Volume ]]),"",(IF($B$34>4,F22/MAX($F$15:$F$30)*8000,F22/MAX($F$15:$F$30)*10000))) | J22: =IF(ISBLANK(Table_2[[#This Row],[Post-Hybridization Sample Volume ]]),"", IF(G22>I22*1.65/0.8,I22, ($C$34/SUM($I$15:$I$30)*I22)*0.8/1.65))
B23: BC009 | C23: =FLEX_table!$H10 -> 0 | E23: =IF(ISBLANK(Table_2[[#This Row],[Post-Hybridization Sample Volume ]]),"", IF((C23*D23)>0,C23*D23,)) | F23: =IF(ISBLANK(Table_2[[#This Row],[Post-Hybridization Sample Volume ]]),"",1/(COUNT($E$15:$E$30))) | G23: =IF(ISBLANK(Table_2[[#This Row],[Post-Hybridization Sample Volume ]]),"",MIN($E$15:$E$30)) | H23: =IF(ISBLANK(Table_2[[#This Row],[Post-Hybridization Sample Volume ]]),"",G23/C23) | I23: =IF(ISBLANK(Table_2[[#This Row],[Post-Hybridization Sample Volume ]]),"",(IF($B$34>4,F23/MAX($F$15:$F$30)*8000,F23/MAX($F$15:$F$30)*10000))) | J23: =IF(ISBLANK(Table_2[[#This Row],[Post-Hybridization Sample Volume ]]),"", IF(G23>I23*1.65/0.8,I23, ($C$34/SUM($I$15:$I$30)*I23)*0.8/1.65))
B24: BC010 | C24: =FLEX_table!$H11 -> 0 | E24: =IF(ISBLANK(Table_2[[#This Row],[Post-Hybridization Sample Volume ]]),"", IF((C24*D24)>0,C24*D24,)) | F24: =IF(ISBLANK(Table_2[[#This Row],[Post-Hybridization Sample Volume ]]),"",1/(COUNT($E$15:$E$30))) | G24: =IF(ISBLANK(Table_2[[#This Row],[Post-Hybridization Sample Volume ]]),"",MIN($E$15:$E$30)) | H24: =IF(ISBLANK(Table_2[[#This Row],[Post-Hybridization Sample Volume ]]),"",G24/C24) | I24: =IF(ISBLANK(Table_2[[#This Row],[Post-Hybridization Sample Volume ]]),"",(IF($B$34>4,F24/MAX($F$15:$F$30)*8000,F24/MAX($F$15:$F$30)*10000))) | J24: =IF(ISBLANK(Table_2[[#This Row],[Post-Hybridization Sample Volume ]]),"", IF(G24>I24*1.65/0.8,I24, ($C$34/SUM($I$15:$I$30)*I24)*0.8/1.65))
B25: BC011 | C25: =FLEX_table!$H12 -> 0 | E25: =IF(ISBLANK(Table_2[[#This Row],[Post-Hybridization Sample Volume ]]),"", IF((C25*D25)>0,C25*D25,)) | F25: =IF(ISBLANK(Table_2[[#This Row],[Post-Hybridization Sample Volume ]]),"",1/(COUNT($E$15:$E$30))) | G25: =IF(ISBLANK(Table_2[[#This Row],[Post-Hybridization Sample Volume ]]),"",MIN($E$15:$E$30)) | H25: =IF(ISBLANK(Table_2[[#This Row],[Post-Hybridization Sample Volume ]]),"",G25/C25) | I25: =IF(ISBLANK(Table_2[[#This Row],[Post-Hybridization Sample Volume ]]),"",(IF($B$34>4,F25/MAX($F$15:$F$30)*8000,F25/MAX($F$15:$F$30)*10000))) | J25: =IF(ISBLANK(Table_2[[#This Row],[Post-Hybridization Sample Volume ]]),"", IF(G25>I25*1.65/0.8,I25, ($C$34/SUM($I$15:$I$30)*I25)*0.8/1.65))
B26: BC012 | C26: =FLEX_table!$H13 -> 0 | E26: =IF(ISBLANK(Table_2[[#This Row],[Post-Hybridization Sample Volume ]]),"", IF((C26*D26)>0,C26*D26,)) | F26: =IF(ISBLANK(Table_2[[#This Row],[Post-Hybridization Sample Volume ]]),"",1/(COUNT($E$15:$E$30))) | G26: =IF(ISBLANK(Table_2[[#This Row],[Post-Hybridization Sample Volume ]]),"",MIN($E$15:$E$30)) | H26: =IF(ISBLANK(Table_2[[#This Row],[Post-Hybridization Sample Volume ]]),"",G26/C26) | I26: =IF(ISBLANK(Table_2[[#This Row],[Post-Hybridization Sample Volume ]]),"",(IF($B$34>4,F26/MAX($F$15:$F$30)*8000,F26/MAX($F$15:$F$30)*10000))) | J26: =IF(ISBLANK(Table_2[[#This Row],[Post-Hybridization Sample Volume ]]),"", IF(G26>I26*1.65/0.8,I26, ($C$34/SUM($I$15:$I$30)*I26)*0.8/1.65))
... B30: BC016 | C30: =FLEX_table!$H17 -> 0 | E30: =IF(ISBLANK(Table_2[[#This Row],[Post-Hybridization Sample Volume ]]),"", IF((C30*D30)>0,C30*D30,)) | F30: =IF(ISBLANK(Table_2[[#This Row],[Post-Hybridization Sample Volume ]]),"",1/(COUNT($E$15:$E$30))) | G30: =IF(ISBLANK(Table_2[[#This Row],[Post-Hybridization Sample Volume ]]),"",MIN($E$15:$E$30)) | H30: =IF(ISBLANK(Table_2[[#This Row],[Post-Hybridization Sample Volume ]]),"",G30/C30) | I30: =IF(ISBLANK(Table_2[[#This Row],[Post-Hybridization Sample Volume ]]),"",(IF($B$34>4,F30/MAX($F$15:$F$30)*8000,F30/MAX($F$15:$F$30)*10000))) | J30: =IF(ISBLANK(Table_2[[#This Row],[Post-Hybridization Sample Volume ]]),"", IF(G30>I30*1.65/0.8,I30, ($C$34/SUM($I$15:$I$30)*I30)*0.8/1.65))
B32: Table 2
B33: Number of Probe Barcodes used | C33: Total Cells Pooled | D33: Maximum Number of Cells Targeted per GEM Reaction | E33: =IF(COUNTIF(D38:D52,"TRUE")>=1,"WARNING:"&CHAR(10)&_xlfn.TEXTJOIN(CHAR(10),TRUE,E38:E52),"") -> WARNING: • Total Cells Pooled for wash is below the recommended minimum of 200,000 cells. Consider an alternative pooling strategy.
B34: =COUNTIF(E15:E30,">0") -> 0 | C34: =SUM(G15:G30) -> 0 | D34: =IF(C34>SUM(I15:I30)*1.65/0.8,SUM(I15:I30), SUM(J15:J30)) -> 0
B37: Error | C37: Error Code | D37: Does Error Appear | E37: Cond. Error Message
B38: Bellow 200K Cells In Pool | C38: 1 | D38: =IF(C34<200000,TRUE,FALSE) -> TRUE | E38: =IF(D38,"• Total Cells Pooled for wash is below the recommended minimum of 200,000 cells. Consider an alternative pooling strategy.","") -> • Total Cells Pooled for wash is below the recommended minimum of 200,000 cells. Consider an alternative pooling strategy.
B39: Cells Pooled Cannot Reach Target GEM per BC | C39: 2 | D39: =IF(C34>=(SUM(I15:I30)*1.65/0.8), FALSE, TRUE) -> FALSE | E39: =IF(D39,"• Total number of cells added to wash is not sufficient to achieve the maximum supported number of cells targeted per GEM lane."&CHAR(10)& " The maximum possible cell number is displayed (assumes 20% cell loss during washes). If this cell number is insufficient for your experiment,"&CHAR(10)&" consider an alternative pooling strategy.","")
B40: Pipette Under 2ul | C40: 3 | D40: =IF(COUNTIF(H15:H30, "<2")>=1,TRUE,FALSE) -> FALSE | E40: =IF(D40,"• One or more samples have a low transfer volume that may result in higer cells-per-barcode variability. Verify cell concentrations"&CHAR(10)& " are entered correctly, then dilute with addtional post-hyb wash buffer and recount if necessary.","")
B41: Hyb Reaction has more than 5 million cells | C41: 4 | D41: =IF(COUNTIF(E15:E30, ">5000000")>=1,TRUE,FALSE) -> FALSE | E41: =IF(D41,"• Greater than 5 million cells present in one or more samples. Verify that cell concentrations and volumes are entered correctly.","")

Sheet Pooling
A1: Sample ID | B1: fragment size | C1: Qubit | E1: nM total | F1: sample vol | G1: EB + Tween 0,1% | H1: [QB after Dilution to 3nM] | I1: nM after Dilution | K1: Legend
D2: ng/ul | E2: =(C2/(660*B2))*1000000 -> #DIV/0! | G2: =(E2*F2/3)-F2 -> #DIV/0! | I2: =(H2/(660*B2))*1000000 -> #DIV/0! | K2: Don't touch
D3: ng/ul | E3: =(C3/(660*B3))*1000000 -> #DIV/0! | G3: =(E3*F3/3)-F3 -> #DIV/0! | I3: =(H3/(660*B3))*1000000 -> #DIV/0! | K3: To key in
D4: ng/ul | E4: =(C4/(660*B4))*1000000 -> #DIV/0! | G4: =(E4*F4/3)-F4 -> #DIV/0! | I4: =(H4/(660*B4))*1000000 -> #DIV/0!
D5: ng/ul | E5: =(C5/(660*B5))*1000000 -> #DIV/0! | G5: =(E5*F5/3)-F5 -> #DIV/0! | I5: =(H5/(660*B5))*1000000 -> #DIV/0!
D6: ng/ul | E6: =(C6/(660*B6))*1000000 -> #DIV/0! | G6: =(E6*F6/3)-F6 -> #DIV/0! | I6: =(H6/(660*B6))*1000000 -> #DIV/0!
D7: ng/ul | E7: =(C7/(660*B7))*1000000 -> #DIV/0! | G7: =(E7*F7/3)-F7 -> #DIV/0! | I7: =(H7/(660*B7))*1000000 -> #DIV/0!
D8: ng/ul | E8: =(C8/(660*B8))*1000000 -> #DIV/0! | G8: =(E8*F8/3)-F8 -> #DIV/0! | I8: =(H8/(660*B8))*1000000 -> #DIV/0!
D9: ng/ul | E9: =(C9/(660*B9))*1000000 -> #DIV/0! | G9: =(E9*F9/3)-F9 -> #DIV/0! | I9: =(H9/(660*B9))*1000000 -> #DIV/0!
D10: ng/ul | E10: =(C10/(660*B10))*1000000 -> #DIV/0! | G10: =(E10*F10/3)-F10 -> #DIV/0! | I10: =(H10/(660*B10))*1000000 -> #DIV/0!
D11: ng/ul | E11: =(C11/(660*B11))*1000000 -> #DIV/0! | G11: =(E11*F11/3)-F11 -> #DIV/0! | I11: =(H11/(660*B11))*1000000 -> #DIV/0!
A14: Actual Pooling
A15: Sample ID | B15: nM after Dilution | D15: representation | E15: pipet for 3nM | F15: lane | G15: SAMPLE | H15: pool | I15: EB | J15: Qubit
A16: =A2 -> 0 | B16: =E2 -> #DIV/0! | C16: nM | D16: =C29 -> #DIV/0! | E16: =3/B16*D16*50 -> #DIV/0! | G16: 1 | H16: =SUM(E16:E24) -> #DIV/0! | I16: =50-H16 -> #DIV/0!
A17: =A3 -> 0 | B17: =E3 -> #DIV/0! | C17: nM | D17: =C30 -> #DIV/0! | E17: =3/B17*D17*50 -> #DIV/0! | G17: 2
A18: =A4 -> 0 | B18: =E4 -> #DIV/0! | C18: nM | D18: =C31 -> #DIV/0! | E18: =3/B18*D18*50 -> #DIV/0! | G18: 3
A19: =A5 -> 0 | B19: =E5 -> #DIV/0! | C19: nM | D19: =C32 -> #DIV/0! | E19: =3/B19*D19*50 -> #DIV/0! | G19: 4
A20: =A6 -> 0 | B20: =E6 -> #DIV/0! | C20: nM | D20: =C33 -> #DIV/0! | E20: =3/B20*D20*50 -> #DIV/0! | G20: 5
A21: =A7 -> 0 | B21: =E7 -> #DIV/0! | C21: nM | D21: =C34 -> #DIV/0! | E21: =3/B21*D21*50 -> #DIV/0! | G21: 6
A22: =A10 -> 0 | B22: =E8 -> #DIV/0! | C22: nM | D22: =C35 -> #DIV/0! | E22: =3/B22*D22*50 -> #DIV/0! | G22: 7
A23: =A12 -> 0 | B23: =E9 -> #DIV/0! | C23: nM | D23: =C36 -> #DIV/0! | E23: =3/B23*D23*50 -> #DIV/0! | G23: 8
A24: =A13 -> 0 | B24: =E10 -> #DIV/0! | C24: nM | D24: =C37 -> #DIV/0! | E24: =3/B24*D24*50 -> #DIV/0! | G24: 9
D25: =SUM(D16:D20) -> #DIV/0!
A28: Sample ID | B28: M Reads | C28: %
A29: =A2 -> 0 | C29: =B29/B$38 -> #DIV/0!
A30: =A3 -> 0 | C30: =B30/B$38 -> #DIV/0!
A31: =A4 -> 0 | C31: =B31/B$38 -> #DIV/0!
A32: =A5 -> 0 | C32: =B32/B$38 -> #DIV/0!
A33: =A6 -> 0 | C33: =B33/B$38 -> #DIV/0!
A34: =A7 -> 0 | C34: =B34/B$38 -> #DIV/0!
A35: =A8 -> 0 | C35: =B35/B$38 -> #DIV/0!
A36: =A9 -> 0 | C36: =B36/B$38 -> #DIV/0!
A37: =A10 -> 0 | C37: =B37/B$38 -> #DIV/0!
A38: Total | B38: =SUM(B29:B37) -> 0 | C38: =SUM(C29:C37) -> #DIV/0!

Sheet Sheet1
A1: actual sequence of the Probe Barcode | B1: sequence after translation in Cell Ranger analysis | C1: Probe Barcode ID | D1: sample number
A2: ACGTACGGGA | B2: ACGTACGGGA | C2: A-A01 | D2: 1
A3: CTACTTTCGT | B3: CTACTTTCGT | C3: A-B01 | D3: 2
A4: ACAGATTGAG | B4: ACAGATTGAG | C4: A-C01 | D4: 3
A5: ACACTTGGAG | B5: ACACTTGGAG | C5: A-D01 | D5: 4
A6: TGCAGTTGGT | B6: TGCAGTTGGT | C6: A-E01 | D6: 5
A7: TGTCTGGCAG | B7: TGTCTGGCAG | C7: A-F01 | D7: 6
A8: TCCGTGCGTA | B8: TCCGTGCGTA | C8: A-G01 | D8: 7
A9: GAGGAGAACT | B9: GAGGAGAACT | C9: A-H01 | D9: 8
A10: GAATGGGAAG | B10: GAATGGGAAG | C10: A-A02 | D10: 9
A11: CACGAATCCA | B11: CACGAATCCA | C11: A-B02 | D11: 10
A12: GTGCCCGATA | B12: GTGCCCGATA | C12: A-C02 | D12: 11
A13: TGCCTCCATG | B13: TGCCTCCATG | C13: A-D02 | D13: 12
... A97: AGTCCCAGCT | B97: AGTCCCAGCT | C97: A-H12 | D97: 96
A98: AGGTCGGTCT | B98: AGGTCGGTCT | C98: B-A01
A99: CTCATACAAC | B99: CTCATACAAC | C99: B-A02
A100: AGGAAATCCA | B100: AGGAAATCCA | C100: B-A03
A101: CATGACGGTG | B101: CATGACGGTG | C101: B-A04
A102: TGGCGGTATG | B102: TGGCGGTATG | C102: B-A05
A103: CTATAGGGTA | B103: CTATAGGGTA | C103: B-A06
A104: GATAGAACAC | B104: GATAGAACAC | C104: B-A07
A105: ACTAAACGCT | B105: ACTAAACGCT | C105: B-A08
A106: CTATCTTGTG | B106: CTATCTTGTG | C106: B-A09
A107: GAGTGCCTGT | B107: GAGTGCCTGT | C107: B-A10
A108: ACCGTTATGT | B108: ACCGTTATGT | C108: B-A11
A109: TGGTTTAGCA | B109: TGGTTTAGCA | C109: B-A12
... A385: TCGCTTGGGA | B385: TCGCTTGGGA | C385: D-H12
